idUser,title,description,photo,upload_date
1,Test,I will test this,629ea4206cb9ac825768001824b8a16f.jpg,2021-03-19 15:41:51
1,Test,I will test this,629ea4206cb9ac825768001824b8a16f.jpg,2021-03-19 15:41:51
1,Test,I will test this,629ea4206cb9ac825768001824b8a16f.jpg,2021-03-19 15:41:51
1,Test,I will test this,629ea4206cb9ac825768001824b8a16f.jpg,2021-03-19 15:41:51
1,Test,I will test this,629ea4206cb9ac825768001824b8a16f.jpg,2021-03-19 15:41:51
1,Test,I will test this,629ea4206cb9ac825768001824b8a16f.jpg,2021-03-19 15:41:51
1,Test,I will test this,629ea4206cb9ac825768001824b8a16f.jpg,2021-03-19 15:41:51
1,Test,I will test this,629ea4206cb9ac825768001824b8a16f.jpg,2021-03-19 15:41:51
1,Test,I will test this,629ea4206cb9ac825768001824b8a16f.jpg,2021-03-19 15:41:51
1,Test,I will test this,629ea4206cb9ac825768001824b8a16f.jpg,2021-03-19 15:41:51
1,Test,I will test this,629ea4206cb9ac825768001824b8a16f.jpg,2021-03-19 15:41:51
1,Test,I will test this,629ea4206cb9ac825768001824b8a16f.jpg,2021-03-19 15:41:51
1,Test,I will test this,629ea4206cb9ac825768001824b8a16f.jpg,2021-03-19 15:41:51
1,Test,I will test this,629ea4206cb9ac825768001824b8a16f.jpg,2021-03-19 15:41:51
1,Test,I will test this,629ea4206cb9ac825768001824b8a16f.jpg,2021-03-19 15:41:51
1,Test,I will test this,629ea4206cb9ac825768001824b8a16f.jpg,2021-03-19 15:41:51
1,Test,I will test this,629ea4206cb9ac825768001824b8a16f.jpg,2021-03-19 15:41:51
1,Test,I will test this,629ea4206cb9ac825768001824b8a16f.jpg,2021-03-19 15:41:51
1,Test,I will test this,629ea4206cb9ac825768001824b8a16f.jpg,2021-03-19 15:41:51
1,Test,I will test this,629ea4206cb9ac825768001824b8a16f.jpg,2021-03-19 15:41:51
1,Test,I will test this,629ea4206cb9ac825768001824b8a16f.jpg,2021-03-19 15:41:51
1,Test,I will test this,629ea4206cb9ac825768001824b8a16f.jpg,2021-03-19 15:41:51
1,Test,I will test this,629ea4206cb9ac825768001824b8a16f.jpg,2021-03-19 15:41:51
1,Test,I will test this,629ea4206cb9ac825768001824b8a16f.jpg,2021-03-19 15:41:51
1,Test,I will test this,629ea4206cb9ac825768001824b8a16f.jpg,2021-03-19 15:41:51
1,Test,I will test this,629ea4206cb9ac825768001824b8a16f.jpg,2021-03-19 15:41:51
1,Test,I will test this,629ea4206cb9ac825768001824b8a16f.jpg,2021-03-19 15:41:51
1,Test,I will test this,629ea4206cb9ac825768001824b8a16f.jpg,2021-03-19 15:41:51
1,Test,I will test this,629ea4206cb9ac825768001824b8a16f.jpg,2021-03-19 15:41:51
1,Test,I will test this,629ea4206cb9ac825768001824b8a16f.jpg,2021-03-19 15:41:51
1,Test,I will test this,629ea4206cb9ac825768001824b8a16f.jpg,2021-03-19 15:41:51
1,Test,I will test this,629ea4206cb9ac825768001824b8a16f.jpg,2021-03-19 15:41:51
1,Test,I will test this,629ea4206cb9ac825768001824b8a16f.jpg,2021-03-19 15:41:51
1,Test,I will test this,629ea4206cb9ac825768001824b8a16f.jpg,2021-03-19 15:41:51
1,Test,I will test this,629ea4206cb9ac825768001824b8a16f.jpg,2021-03-19 15:41:51
1,Test,I will test this,629ea4206cb9ac825768001824b8a16f.jpg,2021-03-19 15:41:51
1,Test,I will test this,629ea4206cb9ac825768001824b8a16f.jpg,2021-03-19 15:41:51
1,Test,I will test this,629ea4206cb9ac825768001824b8a16f.jpg,2021-03-19 15:41:51
1,Test,I will test this,629ea4206cb9ac825768001824b8a16f.jpg,2021-03-19 15:41:51
1,Test,I will test this,629ea4206cb9ac825768001824b8a16f.jpg,2021-03-19 15:41:51
1,Test,I will test this,629ea4206cb9ac825768001824b8a16f.jpg,2021-03-19 15:41:51
1,Test,I will test this,629ea4206cb9ac825768001824b8a16f.jpg,2021-03-19 15:41:51
1,Test,I will test this,629ea4206cb9ac825768001824b8a16f.jpg,2021-03-19 15:41:51
1,Test,I will test this,629ea4206cb9ac825768001824b8a16f.jpg,2021-03-19 15:41:51
1,Test,I will test this,629ea4206cb9ac825768001824b8a16f.jpg,2021-03-19 15:41:51
1,Test,I will test this,629ea4206cb9ac825768001824b8a16f.jpg,2021-03-19 15:41:51
1,Test,I will test this,629ea4206cb9ac825768001824b8a16f.jpg,2021-03-19 15:41:51
1,Test,I will test this,629ea4206cb9ac825768001824b8a16f.jpg,2021-03-19 15:41:51
1,Test,I will test this,629ea4206cb9ac825768001824b8a16f.jpg,2021-03-19 15:41:51
1,Test,I will test this,629ea4206cb9ac825768001824b8a16f.jpg,2021-03-19 15:41:51
1,Test,I will test this,629ea4206cb9ac825768001824b8a16f.jpg,2021-03-19 15:41:51
1,Test,I will test this,629ea4206cb9ac825768001824b8a16f.jpg,2021-03-19 15:41:51
1,Test,I will test this,629ea4206cb9ac825768001824b8a16f.jpg,2021-03-19 15:41:51
1,Test,I will test this,629ea4206cb9ac825768001824b8a16f.jpg,2021-03-19 15:41:51
1,Test,I will test this,629ea4206cb9ac825768001824b8a16f.jpg,2021-03-19 15:41:51
1,Test,I will test this,629ea4206cb9ac825768001824b8a16f.jpg,2021-03-19 15:41:51
1,Test,I will test this,629ea4206cb9ac825768001824b8a16f.jpg,2021-03-19 15:41:51
1,Test,I will test this,629ea4206cb9ac825768001824b8a16f.jpg,2021-03-19 15:41:51
1,Test,I will test this,629ea4206cb9ac825768001824b8a16f.jpg,2021-03-19 15:41:51
1,Test,I will test this,629ea4206cb9ac825768001824b8a16f.jpg,2021-03-19 15:41:51
1,Test,I will test this,629ea4206cb9ac825768001824b8a16f.jpg,2021-03-19 15:41:51
1,Test,I will test this,629ea4206cb9ac825768001824b8a16f.jpg,2021-03-19 15:41:51
1,Test,I will test this,629ea4206cb9ac825768001824b8a16f.jpg,2021-03-19 15:41:51
1,Test,I will test this,629ea4206cb9ac825768001824b8a16f.jpg,2021-03-19 15:41:51
1,Test,I will test this,629ea4206cb9ac825768001824b8a16f.jpg,2021-03-19 15:41:51
1,Test,I will test this,629ea4206cb9ac825768001824b8a16f.jpg,2021-03-19 15:41:51
1,Test,I will test this,629ea4206cb9ac825768001824b8a16f.jpg,2021-03-19 15:41:51
1,Test,I will test this,629ea4206cb9ac825768001824b8a16f.jpg,2021-03-19 15:41:51
1,Test,I will test this,629ea4206cb9ac825768001824b8a16f.jpg,2021-03-19 15:41:51
1,Test,I will test this,629ea4206cb9ac825768001824b8a16f.jpg,2021-03-19 15:41:51
1,Test,I will test this,629ea4206cb9ac825768001824b8a16f.jpg,2021-03-19 15:41:51
1,Test,I will test this,629ea4206cb9ac825768001824b8a16f.jpg,2021-03-19 15:41:51
1,Test,I will test this,629ea4206cb9ac825768001824b8a16f.jpg,2021-03-19 15:41:51
1,Test,I will test this,629ea4206cb9ac825768001824b8a16f.jpg,2021-03-19 15:41:51
1,Test,I will test this,629ea4206cb9ac825768001824b8a16f.jpg,2021-03-19 15:41:51
1,Test,I will test this,629ea4206cb9ac825768001824b8a16f.jpg,2021-03-19 15:41:51
1,Test,I will test this,629ea4206cb9ac825768001824b8a16f.jpg,2021-03-19 15:41:51
1,Test,I will test this,629ea4206cb9ac825768001824b8a16f.jpg,2021-03-19 15:41:51
1,Test,I will test this,629ea4206cb9ac825768001824b8a16f.jpg,2021-03-19 15:41:51
1,Test,I will test this,629ea4206cb9ac825768001824b8a16f.jpg,2021-03-19 15:41:51
1,Test,I will test this,629ea4206cb9ac825768001824b8a16f.jpg,2021-03-19 15:41:51
1,Test,I will test this,629ea4206cb9ac825768001824b8a16f.jpg,2021-03-19 15:41:51
1,Test,I will test this,629ea4206cb9ac825768001824b8a16f.jpg,2021-03-19 15:41:51
1,Test,I will test this,629ea4206cb9ac825768001824b8a16f.jpg,2021-03-19 15:41:51
1,Test,I will test this,629ea4206cb9ac825768001824b8a16f.jpg,2021-03-19 15:41:51
1,Test,I will test this,629ea4206cb9ac825768001824b8a16f.jpg,2021-03-19 15:41:51
1,Test,I will test this,629ea4206cb9ac825768001824b8a16f.jpg,2021-03-19 15:41:51
1,Test,I will test this,629ea4206cb9ac825768001824b8a16f.jpg,2021-03-19 15:41:51
1,Test,I will test this,629ea4206cb9ac825768001824b8a16f.jpg,2021-03-19 15:41:51
1,Test,I will test this,629ea4206cb9ac825768001824b8a16f.jpg,2021-03-19 15:41:51
1,Test,I will test this,629ea4206cb9ac825768001824b8a16f.jpg,2021-03-19 15:41:51
1,Test,I will test this,629ea4206cb9ac825768001824b8a16f.jpg,2021-03-19 15:41:51
1,Test,I will test this,629ea4206cb9ac825768001824b8a16f.jpg,2021-03-19 15:41:51
1,Test,I will test this,629ea4206cb9ac825768001824b8a16f.jpg,2021-03-19 15:41:51
1,Test,I will test this,629ea4206cb9ac825768001824b8a16f.jpg,2021-03-19 15:41:51
1,Test,I will test this,629ea4206cb9ac825768001824b8a16f.jpg,2021-03-19 15:41:51
1,Test,I will test this,629ea4206cb9ac825768001824b8a16f.jpg,2021-03-19 15:41:51
1,Test,I will test this,629ea4206cb9ac825768001824b8a16f.jpg,2021-03-19 15:41:51
1,Test,I will test this,629ea4206cb9ac825768001824b8a16f.jpg,2021-03-19 15:41:51
1,Test,I will test this,629ea4206cb9ac825768001824b8a16f.jpg,2021-03-19 15:41:51
1,Test,I will test this,629ea4206cb9ac825768001824b8a16f.jpg,2021-03-19 15:41:51
1,Test,I will test this,629ea4206cb9ac825768001824b8a16f.jpg,2021-03-19 15:41:51
1,Test,I will test this,629ea4206cb9ac825768001824b8a16f.jpg,2021-03-19 15:41:51
1,Test,I will test this,629ea4206cb9ac825768001824b8a16f.jpg,2021-03-19 15:41:51
1,Test,I will test this,629ea4206cb9ac825768001824b8a16f.jpg,2021-03-19 15:41:51
1,Test,I will test this,629ea4206cb9ac825768001824b8a16f.jpg,2021-03-19 15:41:51
1,Test,I will test this,629ea4206cb9ac825768001824b8a16f.jpg,2021-03-19 15:41:51
1,Test,I will test this,629ea4206cb9ac825768001824b8a16f.jpg,2021-03-19 15:41:51
1,Test,I will test this,629ea4206cb9ac825768001824b8a16f.jpg,2021-03-19 15:41:51
1,Test,I will test this,629ea4206cb9ac825768001824b8a16f.jpg,2021-03-19 15:41:51
1,Test,I will test this,629ea4206cb9ac825768001824b8a16f.jpg,2021-03-19 15:41:51
1,Test,I will test this,629ea4206cb9ac825768001824b8a16f.jpg,2021-03-19 15:41:51
1,Test,I will test this,629ea4206cb9ac825768001824b8a16f.jpg,2021-03-19 15:41:51
1,Test,I will test this,629ea4206cb9ac825768001824b8a16f.jpg,2021-03-19 15:41:51
1,Test,I will test this,629ea4206cb9ac825768001824b8a16f.jpg,2021-03-19 15:41:51
1,Test,I will test this,629ea4206cb9ac825768001824b8a16f.jpg,2021-03-19 15:41:51
1,Test,I will test this,629ea4206cb9ac825768001824b8a16f.jpg,2021-03-19 15:41:51
1,Test,I will test this,629ea4206cb9ac825768001824b8a16f.jpg,2021-03-19 15:41:51
1,Test,I will test this,629ea4206cb9ac825768001824b8a16f.jpg,2021-03-19 15:41:51
1,Test,I will test this,629ea4206cb9ac825768001824b8a16f.jpg,2021-03-19 15:41:51
1,Test,I will test this,629ea4206cb9ac825768001824b8a16f.jpg,2021-03-19 15:41:51
1,Test,I will test this,629ea4206cb9ac825768001824b8a16f.jpg,2021-03-19 15:41:51
1,Test,I will test this,629ea4206cb9ac825768001824b8a16f.jpg,2021-03-19 15:41:51
1,Test,I will test this,629ea4206cb9ac825768001824b8a16f.jpg,2021-03-19 15:41:51
1,Test,I will test this,629ea4206cb9ac825768001824b8a16f.jpg,2021-03-19 15:41:51
1,Test,I will test this,629ea4206cb9ac825768001824b8a16f.jpg,2021-03-19 15:41:51
1,Test,I will test this,629ea4206cb9ac825768001824b8a16f.jpg,2021-03-19 15:41:51
1,Test,I will test this,629ea4206cb9ac825768001824b8a16f.jpg,2021-03-19 15:41:51
1,Test,I will test this,629ea4206cb9ac825768001824b8a16f.jpg,2021-03-19 15:41:51
1,Test,I will test this,629ea4206cb9ac825768001824b8a16f.jpg,2021-03-19 15:41:51
1,Test,I will test this,629ea4206cb9ac825768001824b8a16f.jpg,2021-03-19 15:41:51
1,Test,I will test this,629ea4206cb9ac825768001824b8a16f.jpg,2021-03-19 15:41:51
1,Test,I will test this,629ea4206cb9ac825768001824b8a16f.jpg,2021-03-19 15:41:51
1,Test,I will test this,629ea4206cb9ac825768001824b8a16f.jpg,2021-03-19 15:41:51
1,Test,I will test this,629ea4206cb9ac825768001824b8a16f.jpg,2021-03-19 15:41:51
1,Test,I will test this,629ea4206cb9ac825768001824b8a16f.jpg,2021-03-19 15:41:51
1,Test,I will test this,629ea4206cb9ac825768001824b8a16f.jpg,2021-03-19 15:41:51
1,Test,I will test this,629ea4206cb9ac825768001824b8a16f.jpg,2021-03-19 15:41:51
1,Test,I will test this,629ea4206cb9ac825768001824b8a16f.jpg,2021-03-19 15:41:51
1,Test,I will test this,629ea4206cb9ac825768001824b8a16f.jpg,2021-03-19 15:41:51
1,Test,I will test this,629ea4206cb9ac825768001824b8a16f.jpg,2021-03-19 15:41:51
1,Test,I will test this,629ea4206cb9ac825768001824b8a16f.jpg,2021-03-19 15:41:51
1,Test,I will test this,629ea4206cb9ac825768001824b8a16f.jpg,2021-03-19 15:41:51
1,Test,I will test this,629ea4206cb9ac825768001824b8a16f.jpg,2021-03-19 15:41:51
1,Test,I will test this,629ea4206cb9ac825768001824b8a16f.jpg,2021-03-19 15:41:51
1,Test,I will test this,629ea4206cb9ac825768001824b8a16f.jpg,2021-03-19 15:41:51
1,Test,I will test this,629ea4206cb9ac825768001824b8a16f.jpg,2021-03-19 15:41:51
1,Test,I will test this,629ea4206cb9ac825768001824b8a16f.jpg,2021-03-19 15:41:51
1,Test,I will test this,629ea4206cb9ac825768001824b8a16f.jpg,2021-03-19 15:41:51
1,Test,I will test this,629ea4206cb9ac825768001824b8a16f.jpg,2021-03-19 15:41:51
1,Test,I will test this,629ea4206cb9ac825768001824b8a16f.jpg,2021-03-19 15:41:51
1,Test,I will test this,629ea4206cb9ac825768001824b8a16f.jpg,2021-03-19 15:41:51
1,Test,I will test this,629ea4206cb9ac825768001824b8a16f.jpg,2021-03-19 15:41:51
1,Test,I will test this,629ea4206cb9ac825768001824b8a16f.jpg,2021-03-19 15:41:51
1,Test,I will test this,629ea4206cb9ac825768001824b8a16f.jpg,2021-03-19 15:41:51
1,Test,I will test this,629ea4206cb9ac825768001824b8a16f.jpg,2021-03-19 15:41:51
1,Test,I will test this,629ea4206cb9ac825768001824b8a16f.jpg,2021-03-19 15:41:51
1,Test,I will test this,629ea4206cb9ac825768001824b8a16f.jpg,2021-03-19 15:41:51
1,Test,I will test this,629ea4206cb9ac825768001824b8a16f.jpg,2021-03-19 15:41:51
1,Test,I will test this,629ea4206cb9ac825768001824b8a16f.jpg,2021-03-19 15:41:51
1,Test,I will test this,629ea4206cb9ac825768001824b8a16f.jpg,2021-03-19 15:41:51
1,Test,I will test this,629ea4206cb9ac825768001824b8a16f.jpg,2021-03-19 15:41:51
1,Test,I will test this,629ea4206cb9ac825768001824b8a16f.jpg,2021-03-19 15:41:51
1,Test,I will test this,629ea4206cb9ac825768001824b8a16f.jpg,2021-03-19 15:41:51
1,Test,I will test this,629ea4206cb9ac825768001824b8a16f.jpg,2021-03-19 15:41:51
1,Test,I will test this,629ea4206cb9ac825768001824b8a16f.jpg,2021-03-19 15:41:51
1,Test,I will test this,629ea4206cb9ac825768001824b8a16f.jpg,2021-03-19 15:41:51
1,Test,I will test this,629ea4206cb9ac825768001824b8a16f.jpg,2021-03-19 15:41:51
1,Test,I will test this,629ea4206cb9ac825768001824b8a16f.jpg,2021-03-19 15:41:51
1,Test,I will test this,629ea4206cb9ac825768001824b8a16f.jpg,2021-03-19 15:41:51
1,Test,I will test this,629ea4206cb9ac825768001824b8a16f.jpg,2021-03-19 15:41:51
1,Test,I will test this,629ea4206cb9ac825768001824b8a16f.jpg,2021-03-19 15:41:51
1,Test,I will test this,629ea4206cb9ac825768001824b8a16f.jpg,2021-03-19 15:41:51
1,Test,I will test this,629ea4206cb9ac825768001824b8a16f.jpg,2021-03-19 15:41:51
1,Test,I will test this,629ea4206cb9ac825768001824b8a16f.jpg,2021-03-19 15:41:51
1,Test,I will test this,629ea4206cb9ac825768001824b8a16f.jpg,2021-03-19 15:41:51
1,Test,I will test this,629ea4206cb9ac825768001824b8a16f.jpg,2021-03-19 15:41:51
1,Test,I will test this,629ea4206cb9ac825768001824b8a16f.jpg,2021-03-19 15:41:51
1,Test,I will test this,629ea4206cb9ac825768001824b8a16f.jpg,2021-03-19 15:41:51
1,Test,I will test this,629ea4206cb9ac825768001824b8a16f.jpg,2021-03-19 15:41:51
1,Test,I will test this,629ea4206cb9ac825768001824b8a16f.jpg,2021-03-19 15:41:51
1,Test,I will test this,629ea4206cb9ac825768001824b8a16f.jpg,2021-03-19 15:41:51
1,Test,I will test this,629ea4206cb9ac825768001824b8a16f.jpg,2021-03-19 15:41:51
1,Test,I will test this,629ea4206cb9ac825768001824b8a16f.jpg,2021-03-19 15:41:51
1,Test,I will test this,629ea4206cb9ac825768001824b8a16f.jpg,2021-03-19 15:41:51
1,Test,I will test this,629ea4206cb9ac825768001824b8a16f.jpg,2021-03-19 15:41:51
1,Test,I will test this,629ea4206cb9ac825768001824b8a16f.jpg,2021-03-19 15:41:51
1,Test,I will test this,629ea4206cb9ac825768001824b8a16f.jpg,2021-03-19 15:41:51
1,Test,I will test this,629ea4206cb9ac825768001824b8a16f.jpg,2021-03-19 15:41:51
1,Test,I will test this,629ea4206cb9ac825768001824b8a16f.jpg,2021-03-19 15:41:51
1,Test,I will test this,629ea4206cb9ac825768001824b8a16f.jpg,2021-03-19 15:41:51
1,Test,I will test this,629ea4206cb9ac825768001824b8a16f.jpg,2021-03-19 15:41:51
1,Test,I will test this,629ea4206cb9ac825768001824b8a16f.jpg,2021-03-19 15:41:51
1,Test,I will test this,629ea4206cb9ac825768001824b8a16f.jpg,2021-03-19 15:41:51
1,Test,I will test this,629ea4206cb9ac825768001824b8a16f.jpg,2021-03-19 15:41:51
1,Test,I will test this,629ea4206cb9ac825768001824b8a16f.jpg,2021-03-19 15:41:51
1,Test,I will test this,629ea4206cb9ac825768001824b8a16f.jpg,2021-03-19 15:41:51
1,Test,I will test this,629ea4206cb9ac825768001824b8a16f.jpg,2021-03-19 15:41:51
1,Test,I will test this,629ea4206cb9ac825768001824b8a16f.jpg,2021-03-19 15:41:51
1,Test,I will test this,629ea4206cb9ac825768001824b8a16f.jpg,2021-03-19 15:41:51
1,Test,I will test this,629ea4206cb9ac825768001824b8a16f.jpg,2021-03-19 15:41:51
1,Test,I will test this,629ea4206cb9ac825768001824b8a16f.jpg,2021-03-19 15:41:51
1,Test,I will test this,629ea4206cb9ac825768001824b8a16f.jpg,2021-03-19 15:41:51
1,Test,I will test this,629ea4206cb9ac825768001824b8a16f.jpg,2021-03-19 15:41:51
1,Test,I will test this,629ea4206cb9ac825768001824b8a16f.jpg,2021-03-19 15:41:51
1,Test,I will test this,629ea4206cb9ac825768001824b8a16f.jpg,2021-03-19 15:41:51
1,Test,I will test this,629ea4206cb9ac825768001824b8a16f.jpg,2021-03-19 15:41:51
1,Test,I will test this,629ea4206cb9ac825768001824b8a16f.jpg,2021-03-19 15:41:51
1,Test,I will test this,629ea4206cb9ac825768001824b8a16f.jpg,2021-03-19 15:41:51
1,Test,I will test this,629ea4206cb9ac825768001824b8a16f.jpg,2021-03-19 15:41:51
1,Test,I will test this,629ea4206cb9ac825768001824b8a16f.jpg,2021-03-19 15:41:51
1,Test,I will test this,629ea4206cb9ac825768001824b8a16f.jpg,2021-03-19 15:41:51
1,Test,I will test this,629ea4206cb9ac825768001824b8a16f.jpg,2021-03-19 15:41:51
1,Test,I will test this,629ea4206cb9ac825768001824b8a16f.jpg,2021-03-19 15:41:51
1,Test,I will test this,629ea4206cb9ac825768001824b8a16f.jpg,2021-03-19 15:41:51
1,Test,I will test this,629ea4206cb9ac825768001824b8a16f.jpg,2021-03-19 15:41:51
1,Test,I will test this,629ea4206cb9ac825768001824b8a16f.jpg,2021-03-19 15:41:51
1,Test,I will test this,629ea4206cb9ac825768001824b8a16f.jpg,2021-03-19 15:41:51
1,Test,I will test this,629ea4206cb9ac825768001824b8a16f.jpg,2021-03-19 15:41:51
1,Test,I will test this,629ea4206cb9ac825768001824b8a16f.jpg,2021-03-19 15:41:51
1,Test,I will test this,629ea4206cb9ac825768001824b8a16f.jpg,2021-03-19 15:41:51
1,Test,I will test this,629ea4206cb9ac825768001824b8a16f.jpg,2021-03-19 15:41:51
1,Test,I will test this,629ea4206cb9ac825768001824b8a16f.jpg,2021-03-19 15:41:51
1,Test,I will test this,629ea4206cb9ac825768001824b8a16f.jpg,2021-03-19 15:41:51
1,Test,I will test this,629ea4206cb9ac825768001824b8a16f.jpg,2021-03-19 15:41:51
1,Test,I will test this,629ea4206cb9ac825768001824b8a16f.jpg,2021-03-19 15:41:51
1,Test,I will test this,629ea4206cb9ac825768001824b8a16f.jpg,2021-03-19 15:41:51
1,Test,I will test this,629ea4206cb9ac825768001824b8a16f.jpg,2021-03-19 15:41:51
1,Test,I will test this,629ea4206cb9ac825768001824b8a16f.jpg,2021-03-19 15:41:51
1,Test,I will test this,629ea4206cb9ac825768001824b8a16f.jpg,2021-03-19 15:41:51
1,Test,I will test this,629ea4206cb9ac825768001824b8a16f.jpg,2021-03-19 15:41:51
1,Test,I will test this,629ea4206cb9ac825768001824b8a16f.jpg,2021-03-19 15:41:51
1,Test,I will test this,629ea4206cb9ac825768001824b8a16f.jpg,2021-03-19 15:41:51
1,Test,I will test this,629ea4206cb9ac825768001824b8a16f.jpg,2021-03-19 15:41:51
1,Test,I will test this,629ea4206cb9ac825768001824b8a16f.jpg,2021-03-19 15:41:51
1,Test,I will test this,629ea4206cb9ac825768001824b8a16f.jpg,2021-03-19 15:41:51
1,Test,I will test this,629ea4206cb9ac825768001824b8a16f.jpg,2021-03-19 15:41:51
1,Test,I will test this,629ea4206cb9ac825768001824b8a16f.jpg,2021-03-19 15:41:51
1,Test,I will test this,629ea4206cb9ac825768001824b8a16f.jpg,2021-03-19 15:41:51
1,Test,I will test this,629ea4206cb9ac825768001824b8a16f.jpg,2021-03-19 15:41:51
1,Test,I will test this,629ea4206cb9ac825768001824b8a16f.jpg,2021-03-19 15:41:51
1,Test,I will test this,629ea4206cb9ac825768001824b8a16f.jpg,2021-03-19 15:41:51
1,Test,I will test this,629ea4206cb9ac825768001824b8a16f.jpg,2021-03-19 15:41:51
1,Test,I will test this,629ea4206cb9ac825768001824b8a16f.jpg,2021-03-19 15:41:51
1,Test,I will test this,629ea4206cb9ac825768001824b8a16f.jpg,2021-03-19 15:41:51
1,Test,I will test this,629ea4206cb9ac825768001824b8a16f.jpg,2021-03-19 15:41:51
1,Test,I will test this,629ea4206cb9ac825768001824b8a16f.jpg,2021-03-19 15:41:51
1,Test,I will test this,629ea4206cb9ac825768001824b8a16f.jpg,2021-03-19 15:41:51
1,Test,I will test this,629ea4206cb9ac825768001824b8a16f.jpg,2021-03-19 15:41:51
1,Test,I will test this,629ea4206cb9ac825768001824b8a16f.jpg,2021-03-19 15:41:51
1,Test,I will test this,629ea4206cb9ac825768001824b8a16f.jpg,2021-03-19 15:41:51
1,Test,I will test this,629ea4206cb9ac825768001824b8a16f.jpg,2021-03-19 15:41:51
1,Test,I will test this,629ea4206cb9ac825768001824b8a16f.jpg,2021-03-19 15:41:51
1,Test,I will test this,629ea4206cb9ac825768001824b8a16f.jpg,2021-03-19 15:41:51
1,Test,I will test this,629ea4206cb9ac825768001824b8a16f.jpg,2021-03-19 15:41:51
1,Test,I will test this,629ea4206cb9ac825768001824b8a16f.jpg,2021-03-19 15:41:51
1,Test,I will test this,629ea4206cb9ac825768001824b8a16f.jpg,2021-03-19 15:41:51
1,Test,I will test this,629ea4206cb9ac825768001824b8a16f.jpg,2021-03-19 15:41:51
1,Test,I will test this,629ea4206cb9ac825768001824b8a16f.jpg,2021-03-19 15:41:51
1,Test,I will test this,629ea4206cb9ac825768001824b8a16f.jpg,2021-03-19 15:41:51
1,Test,I will test this,629ea4206cb9ac825768001824b8a16f.jpg,2021-03-19 15:41:51
1,Test,I will test this,629ea4206cb9ac825768001824b8a16f.jpg,2021-03-19 15:41:51
1,Test,I will test this,629ea4206cb9ac825768001824b8a16f.jpg,2021-03-19 15:41:51
1,Test,I will test this,629ea4206cb9ac825768001824b8a16f.jpg,2021-03-19 15:41:51
1,Test,I will test this,629ea4206cb9ac825768001824b8a16f.jpg,2021-03-19 15:41:51
1,Test,I will test this,629ea4206cb9ac825768001824b8a16f.jpg,2021-03-19 15:41:51
1,Test,I will test this,629ea4206cb9ac825768001824b8a16f.jpg,2021-03-19 15:41:51
1,Test,I will test this,629ea4206cb9ac825768001824b8a16f.jpg,2021-03-19 15:41:51
1,Test,I will test this,629ea4206cb9ac825768001824b8a16f.jpg,2021-03-19 15:41:51
1,Test,I will test this,629ea4206cb9ac825768001824b8a16f.jpg,2021-03-19 15:41:51
1,Test,I will test this,629ea4206cb9ac825768001824b8a16f.jpg,2021-03-19 15:41:51
1,Test,I will test this,629ea4206cb9ac825768001824b8a16f.jpg,2021-03-19 15:41:51
1,Test,I will test this,629ea4206cb9ac825768001824b8a16f.jpg,2021-03-19 15:41:51
1,Test,I will test this,629ea4206cb9ac825768001824b8a16f.jpg,2021-03-19 15:41:51
1,Test,I will test this,629ea4206cb9ac825768001824b8a16f.jpg,2021-03-19 15:41:51
1,Test,I will test this,629ea4206cb9ac825768001824b8a16f.jpg,2021-03-19 15:41:51
1,Test,I will test this,629ea4206cb9ac825768001824b8a16f.jpg,2021-03-19 15:41:51
1,Test,I will test this,629ea4206cb9ac825768001824b8a16f.jpg,2021-03-19 15:41:51
1,Test,I will test this,629ea4206cb9ac825768001824b8a16f.jpg,2021-03-19 15:41:51
1,Test,I will test this,629ea4206cb9ac825768001824b8a16f.jpg,2021-03-19 15:41:51
1,Test,I will test this,629ea4206cb9ac825768001824b8a16f.jpg,2021-03-19 15:41:51
1,Test,I will test this,629ea4206cb9ac825768001824b8a16f.jpg,2021-03-19 15:41:51
1,Test,I will test this,629ea4206cb9ac825768001824b8a16f.jpg,2021-03-19 15:41:51
1,Test,I will test this,629ea4206cb9ac825768001824b8a16f.jpg,2021-03-19 15:41:51
1,Test,I will test this,629ea4206cb9ac825768001824b8a16f.jpg,2021-03-19 15:41:51
1,Test,I will test this,629ea4206cb9ac825768001824b8a16f.jpg,2021-03-19 15:41:51
1,Test,I will test this,629ea4206cb9ac825768001824b8a16f.jpg,2021-03-19 15:41:51
1,Test,I will test this,629ea4206cb9ac825768001824b8a16f.jpg,2021-03-19 15:41:51
1,Test,I will test this,629ea4206cb9ac825768001824b8a16f.jpg,2021-03-19 15:41:51
1,Test,I will test this,629ea4206cb9ac825768001824b8a16f.jpg,2021-03-19 15:41:51
1,Test,I will test this,629ea4206cb9ac825768001824b8a16f.jpg,2021-03-19 15:41:51
1,Test,I will test this,629ea4206cb9ac825768001824b8a16f.jpg,2021-03-19 15:41:51
1,Test,I will test this,629ea4206cb9ac825768001824b8a16f.jpg,2021-03-19 15:41:51
1,Test,I will test this,629ea4206cb9ac825768001824b8a16f.jpg,2021-03-19 15:41:51
1,Test,I will test this,629ea4206cb9ac825768001824b8a16f.jpg,2021-03-19 15:41:51
1,Test,I will test this,629ea4206cb9ac825768001824b8a16f.jpg,2021-03-19 15:41:51
1,Test,I will test this,629ea4206cb9ac825768001824b8a16f.jpg,2021-03-19 15:41:51
1,Test,I will test this,629ea4206cb9ac825768001824b8a16f.jpg,2021-03-19 15:41:51
1,Test,I will test this,629ea4206cb9ac825768001824b8a16f.jpg,2021-03-19 15:41:51
1,Test,I will test this,629ea4206cb9ac825768001824b8a16f.jpg,2021-03-19 15:41:51
1,Test,I will test this,629ea4206cb9ac825768001824b8a16f.jpg,2021-03-19 15:41:51
1,Test,I will test this,629ea4206cb9ac825768001824b8a16f.jpg,2021-03-19 15:41:51
1,Test,I will test this,629ea4206cb9ac825768001824b8a16f.jpg,2021-03-19 15:41:51
1,Test,I will test this,629ea4206cb9ac825768001824b8a16f.jpg,2021-03-19 15:41:51
1,Test,I will test this,629ea4206cb9ac825768001824b8a16f.jpg,2021-03-19 15:41:51
1,Test,I will test this,629ea4206cb9ac825768001824b8a16f.jpg,2021-03-19 15:41:51
1,Test,I will test this,629ea4206cb9ac825768001824b8a16f.jpg,2021-03-19 15:41:51
1,Test,I will test this,629ea4206cb9ac825768001824b8a16f.jpg,2021-03-19 15:41:51
1,Test,I will test this,629ea4206cb9ac825768001824b8a16f.jpg,2021-03-19 15:41:51
1,Test,I will test this,629ea4206cb9ac825768001824b8a16f.jpg,2021-03-19 15:41:51
1,Test,I will test this,629ea4206cb9ac825768001824b8a16f.jpg,2021-03-19 15:41:51
1,Test,I will test this,629ea4206cb9ac825768001824b8a16f.jpg,2021-03-19 15:41:51
1,Test,I will test this,629ea4206cb9ac825768001824b8a16f.jpg,2021-03-19 15:41:51
1,Test,I will test this,629ea4206cb9ac825768001824b8a16f.jpg,2021-03-19 15:41:51
1,Test,I will test this,629ea4206cb9ac825768001824b8a16f.jpg,2021-03-19 15:41:51
1,Test,I will test this,629ea4206cb9ac825768001824b8a16f.jpg,2021-03-19 15:41:51
1,Test,I will test this,629ea4206cb9ac825768001824b8a16f.jpg,2021-03-19 15:41:51
1,Test,I will test this,629ea4206cb9ac825768001824b8a16f.jpg,2021-03-19 15:41:51
1,Test,I will test this,629ea4206cb9ac825768001824b8a16f.jpg,2021-03-19 15:41:51
1,Test,I will test this,629ea4206cb9ac825768001824b8a16f.jpg,2021-03-19 15:41:51
1,Test,I will test this,629ea4206cb9ac825768001824b8a16f.jpg,2021-03-19 15:41:51
1,Test,I will test this,629ea4206cb9ac825768001824b8a16f.jpg,2021-03-19 15:41:51
1,Test,I will test this,629ea4206cb9ac825768001824b8a16f.jpg,2021-03-19 15:41:51
1,Test,I will test this,629ea4206cb9ac825768001824b8a16f.jpg,2021-03-19 15:41:51
1,Test,I will test this,629ea4206cb9ac825768001824b8a16f.jpg,2021-03-19 15:41:51
1,Test,I will test this,629ea4206cb9ac825768001824b8a16f.jpg,2021-03-19 15:41:51
1,Test,I will test this,629ea4206cb9ac825768001824b8a16f.jpg,2021-03-19 15:41:51
1,Test,I will test this,629ea4206cb9ac825768001824b8a16f.jpg,2021-03-19 15:41:51
1,Test,I will test this,629ea4206cb9ac825768001824b8a16f.jpg,2021-03-19 15:41:51
1,Test,I will test this,629ea4206cb9ac825768001824b8a16f.jpg,2021-03-19 15:41:51
1,Test,I will test this,629ea4206cb9ac825768001824b8a16f.jpg,2021-03-19 15:41:51
1,Test,I will test this,629ea4206cb9ac825768001824b8a16f.jpg,2021-03-19 15:41:51
1,Test,I will test this,629ea4206cb9ac825768001824b8a16f.jpg,2021-03-19 15:41:51
1,Test,I will test this,629ea4206cb9ac825768001824b8a16f.jpg,2021-03-19 15:41:51
1,Test,I will test this,629ea4206cb9ac825768001824b8a16f.jpg,2021-03-19 15:41:51
1,Test,I will test this,629ea4206cb9ac825768001824b8a16f.jpg,2021-03-19 15:41:51
1,Test,I will test this,629ea4206cb9ac825768001824b8a16f.jpg,2021-03-19 15:41:51
1,Test,I will test this,629ea4206cb9ac825768001824b8a16f.jpg,2021-03-19 15:41:51
1,Test,I will test this,629ea4206cb9ac825768001824b8a16f.jpg,2021-03-19 15:41:51
1,Test,I will test this,629ea4206cb9ac825768001824b8a16f.jpg,2021-03-19 15:41:51
1,Test,I will test this,629ea4206cb9ac825768001824b8a16f.jpg,2021-03-19 15:41:51
1,Test,I will test this,629ea4206cb9ac825768001824b8a16f.jpg,2021-03-19 15:41:51
1,Test,I will test this,629ea4206cb9ac825768001824b8a16f.jpg,2021-03-19 15:41:51
1,Test,I will test this,629ea4206cb9ac825768001824b8a16f.jpg,2021-03-19 15:41:51
1,Test,I will test this,629ea4206cb9ac825768001824b8a16f.jpg,2021-03-19 15:41:51
1,Test,I will test this,629ea4206cb9ac825768001824b8a16f.jpg,2021-03-19 15:41:51
1,Test,I will test this,629ea4206cb9ac825768001824b8a16f.jpg,2021-03-19 15:41:51
1,Test,I will test this,629ea4206cb9ac825768001824b8a16f.jpg,2021-03-19 15:41:51
1,Test,I will test this,629ea4206cb9ac825768001824b8a16f.jpg,2021-03-19 15:41:51
1,Test,I will test this,629ea4206cb9ac825768001824b8a16f.jpg,2021-03-19 15:41:51
1,Test,I will test this,629ea4206cb9ac825768001824b8a16f.jpg,2021-03-19 15:41:51
1,Test,I will test this,629ea4206cb9ac825768001824b8a16f.jpg,2021-03-19 15:41:51
1,Test,I will test this,629ea4206cb9ac825768001824b8a16f.jpg,2021-03-19 15:41:51
1,Test,I will test this,629ea4206cb9ac825768001824b8a16f.jpg,2021-03-19 15:41:51
1,Test,I will test this,629ea4206cb9ac825768001824b8a16f.jpg,2021-03-19 15:41:51
1,Test,I will test this,629ea4206cb9ac825768001824b8a16f.jpg,2021-03-19 15:41:51
1,Test,I will test this,629ea4206cb9ac825768001824b8a16f.jpg,2021-03-19 15:41:51
1,Test,I will test this,629ea4206cb9ac825768001824b8a16f.jpg,2021-03-19 15:41:51
1,Test,I will test this,629ea4206cb9ac825768001824b8a16f.jpg,2021-03-19 15:41:51
1,Test,I will test this,629ea4206cb9ac825768001824b8a16f.jpg,2021-03-19 15:41:51
1,Test,I will test this,629ea4206cb9ac825768001824b8a16f.jpg,2021-03-19 15:41:51
1,Test,I will test this,629ea4206cb9ac825768001824b8a16f.jpg,2021-03-19 15:41:51
1,Test,I will test this,629ea4206cb9ac825768001824b8a16f.jpg,2021-03-19 15:41:51
1,Test,I will test this,629ea4206cb9ac825768001824b8a16f.jpg,2021-03-19 15:41:51
1,Test,I will test this,629ea4206cb9ac825768001824b8a16f.jpg,2021-03-19 15:41:51
1,Test,I will test this,629ea4206cb9ac825768001824b8a16f.jpg,2021-03-19 15:41:51
1,Test,I will test this,629ea4206cb9ac825768001824b8a16f.jpg,2021-03-19 15:41:51
1,Test,I will test this,629ea4206cb9ac825768001824b8a16f.jpg,2021-03-19 15:41:51
1,Test,I will test this,629ea4206cb9ac825768001824b8a16f.jpg,2021-03-19 15:41:51
1,Test,I will test this,629ea4206cb9ac825768001824b8a16f.jpg,2021-03-19 15:41:51
1,Test,I will test this,629ea4206cb9ac825768001824b8a16f.jpg,2021-03-19 15:41:51
1,Test,I will test this,629ea4206cb9ac825768001824b8a16f.jpg,2021-03-19 15:41:51
1,Test,I will test this,629ea4206cb9ac825768001824b8a16f.jpg,2021-03-19 15:41:51
1,Test,I will test this,629ea4206cb9ac825768001824b8a16f.jpg,2021-03-19 15:41:51
1,Test,I will test this,629ea4206cb9ac825768001824b8a16f.jpg,2021-03-19 15:41:51
1,Test,I will test this,629ea4206cb9ac825768001824b8a16f.jpg,2021-03-19 15:41:51
1,Test,I will test this,629ea4206cb9ac825768001824b8a16f.jpg,2021-03-19 15:41:51
1,Test,I will test this,629ea4206cb9ac825768001824b8a16f.jpg,2021-03-19 15:41:51
1,Test,I will test this,629ea4206cb9ac825768001824b8a16f.jpg,2021-03-19 15:41:51
1,Test,I will test this,629ea4206cb9ac825768001824b8a16f.jpg,2021-03-19 15:41:51
1,Test,I will test this,629ea4206cb9ac825768001824b8a16f.jpg,2021-03-19 15:41:51
1,Test,I will test this,629ea4206cb9ac825768001824b8a16f.jpg,2021-03-19 15:41:51
1,Test,I will test this,629ea4206cb9ac825768001824b8a16f.jpg,2021-03-19 15:41:51
1,Test,I will test this,629ea4206cb9ac825768001824b8a16f.jpg,2021-03-19 15:41:51
1,Test,I will test this,629ea4206cb9ac825768001824b8a16f.jpg,2021-03-19 15:41:51
1,Test,I will test this,629ea4206cb9ac825768001824b8a16f.jpg,2021-03-19 15:41:51
1,Test,I will test this,629ea4206cb9ac825768001824b8a16f.jpg,2021-03-19 15:41:51
1,Test,I will test this,629ea4206cb9ac825768001824b8a16f.jpg,2021-03-19 15:41:51
1,Test,I will test this,629ea4206cb9ac825768001824b8a16f.jpg,2021-03-19 15:41:51
1,Test,I will test this,629ea4206cb9ac825768001824b8a16f.jpg,2021-03-19 15:41:51
1,Test,I will test this,629ea4206cb9ac825768001824b8a16f.jpg,2021-03-19 15:41:51
1,Test,I will test this,629ea4206cb9ac825768001824b8a16f.jpg,2021-03-19 15:41:51
1,Test,I will test this,629ea4206cb9ac825768001824b8a16f.jpg,2021-03-19 15:41:51
1,Test,I will test this,629ea4206cb9ac825768001824b8a16f.jpg,2021-03-19 15:41:51
1,Test,I will test this,629ea4206cb9ac825768001824b8a16f.jpg,2021-03-19 15:41:51
1,Test,I will test this,629ea4206cb9ac825768001824b8a16f.jpg,2021-03-19 15:41:51
1,Test,I will test this,629ea4206cb9ac825768001824b8a16f.jpg,2021-03-19 15:41:51
1,Test,I will test this,629ea4206cb9ac825768001824b8a16f.jpg,2021-03-19 15:41:51
1,Test,I will test this,629ea4206cb9ac825768001824b8a16f.jpg,2021-03-19 15:41:51
1,Test,I will test this,629ea4206cb9ac825768001824b8a16f.jpg,2021-03-19 15:41:51
1,Test,I will test this,629ea4206cb9ac825768001824b8a16f.jpg,2021-03-19 15:41:51
1,Test,I will test this,629ea4206cb9ac825768001824b8a16f.jpg,2021-03-19 15:41:51
1,Test,I will test this,629ea4206cb9ac825768001824b8a16f.jpg,2021-03-19 15:41:51
1,Test,I will test this,629ea4206cb9ac825768001824b8a16f.jpg,2021-03-19 15:41:51
1,Test,I will test this,629ea4206cb9ac825768001824b8a16f.jpg,2021-03-19 15:41:51
1,Test,I will test this,629ea4206cb9ac825768001824b8a16f.jpg,2021-03-19 15:41:51
1,Test,I will test this,629ea4206cb9ac825768001824b8a16f.jpg,2021-03-19 15:41:51
1,Test,I will test this,629ea4206cb9ac825768001824b8a16f.jpg,2021-03-19 15:41:51
1,Test,I will test this,629ea4206cb9ac825768001824b8a16f.jpg,2021-03-19 15:41:51
1,Test,I will test this,629ea4206cb9ac825768001824b8a16f.jpg,2021-03-19 15:41:51
1,Test,I will test this,629ea4206cb9ac825768001824b8a16f.jpg,2021-03-19 15:41:51
1,Test,I will test this,629ea4206cb9ac825768001824b8a16f.jpg,2021-03-19 15:41:51
1,Test,I will test this,629ea4206cb9ac825768001824b8a16f.jpg,2021-03-19 15:41:51
1,Test,I will test this,629ea4206cb9ac825768001824b8a16f.jpg,2021-03-19 15:41:51
1,Test,I will test this,629ea4206cb9ac825768001824b8a16f.jpg,2021-03-19 15:41:51
1,Test,I will test this,629ea4206cb9ac825768001824b8a16f.jpg,2021-03-19 15:41:51
1,Test,I will test this,629ea4206cb9ac825768001824b8a16f.jpg,2021-03-19 15:41:51
1,Test,I will test this,629ea4206cb9ac825768001824b8a16f.jpg,2021-03-19 15:41:51
1,Test,I will test this,629ea4206cb9ac825768001824b8a16f.jpg,2021-03-19 15:41:51
1,Test,I will test this,629ea4206cb9ac825768001824b8a16f.jpg,2021-03-19 15:41:51
1,Test,I will test this,629ea4206cb9ac825768001824b8a16f.jpg,2021-03-19 15:41:51
1,Test,I will test this,629ea4206cb9ac825768001824b8a16f.jpg,2021-03-19 15:41:51
1,Test,I will test this,629ea4206cb9ac825768001824b8a16f.jpg,2021-03-19 15:41:51
1,Test,I will test this,629ea4206cb9ac825768001824b8a16f.jpg,2021-03-19 15:41:51
1,Test,I will test this,629ea4206cb9ac825768001824b8a16f.jpg,2021-03-19 15:41:51
1,Test,I will test this,629ea4206cb9ac825768001824b8a16f.jpg,2021-03-19 15:41:51
1,Test,I will test this,629ea4206cb9ac825768001824b8a16f.jpg,2021-03-19 15:41:51
1,Test,I will test this,629ea4206cb9ac825768001824b8a16f.jpg,2021-03-19 15:41:51
1,Test,I will test this,629ea4206cb9ac825768001824b8a16f.jpg,2021-03-19 15:41:51
1,Test,I will test this,629ea4206cb9ac825768001824b8a16f.jpg,2021-03-19 15:41:51
1,Test,I will test this,629ea4206cb9ac825768001824b8a16f.jpg,2021-03-19 15:41:51
1,Test,I will test this,629ea4206cb9ac825768001824b8a16f.jpg,2021-03-19 15:41:51
1,Test,I will test this,629ea4206cb9ac825768001824b8a16f.jpg,2021-03-19 15:41:51
1,Test,I will test this,629ea4206cb9ac825768001824b8a16f.jpg,2021-03-19 15:41:51
1,Test,I will test this,629ea4206cb9ac825768001824b8a16f.jpg,2021-03-19 15:41:51
1,Test,I will test this,629ea4206cb9ac825768001824b8a16f.jpg,2021-03-19 15:41:51
1,Test,I will test this,629ea4206cb9ac825768001824b8a16f.jpg,2021-03-19 15:41:51
1,Test,I will test this,629ea4206cb9ac825768001824b8a16f.jpg,2021-03-19 15:41:51
1,Test,I will test this,629ea4206cb9ac825768001824b8a16f.jpg,2021-03-19 15:41:51
1,Test,I will test this,629ea4206cb9ac825768001824b8a16f.jpg,2021-03-19 15:41:51
1,Test,I will test this,629ea4206cb9ac825768001824b8a16f.jpg,2021-03-19 15:41:51
1,Test,I will test this,629ea4206cb9ac825768001824b8a16f.jpg,2021-03-19 15:41:51
1,Test,I will test this,629ea4206cb9ac825768001824b8a16f.jpg,2021-03-19 15:41:51
1,Test,I will test this,629ea4206cb9ac825768001824b8a16f.jpg,2021-03-19 15:41:51
1,Test,I will test this,629ea4206cb9ac825768001824b8a16f.jpg,2021-03-19 15:41:51
1,Test,I will test this,629ea4206cb9ac825768001824b8a16f.jpg,2021-03-19 15:41:51
1,Test,I will test this,629ea4206cb9ac825768001824b8a16f.jpg,2021-03-19 15:41:51
1,Test,I will test this,629ea4206cb9ac825768001824b8a16f.jpg,2021-03-19 15:41:51
1,Test,I will test this,629ea4206cb9ac825768001824b8a16f.jpg,2021-03-19 15:41:51
1,Test,I will test this,629ea4206cb9ac825768001824b8a16f.jpg,2021-03-19 15:41:51
1,Test,I will test this,629ea4206cb9ac825768001824b8a16f.jpg,2021-03-19 15:41:51
1,Test,I will test this,629ea4206cb9ac825768001824b8a16f.jpg,2021-03-19 15:41:51
1,Test,I will test this,629ea4206cb9ac825768001824b8a16f.jpg,2021-03-19 15:41:51
1,Test,I will test this,629ea4206cb9ac825768001824b8a16f.jpg,2021-03-19 15:41:51
1,Test,I will test this,629ea4206cb9ac825768001824b8a16f.jpg,2021-03-19 15:41:51
1,Test,I will test this,629ea4206cb9ac825768001824b8a16f.jpg,2021-03-19 15:41:51
1,Test,I will test this,629ea4206cb9ac825768001824b8a16f.jpg,2021-03-19 15:41:51
1,Test,I will test this,629ea4206cb9ac825768001824b8a16f.jpg,2021-03-19 15:41:51
1,Test,I will test this,629ea4206cb9ac825768001824b8a16f.jpg,2021-03-19 15:41:51
1,Test,I will test this,629ea4206cb9ac825768001824b8a16f.jpg,2021-03-19 15:41:51
1,Test,I will test this,629ea4206cb9ac825768001824b8a16f.jpg,2021-03-19 15:41:51
1,Test,I will test this,629ea4206cb9ac825768001824b8a16f.jpg,2021-03-19 15:41:51
1,Test,I will test this,629ea4206cb9ac825768001824b8a16f.jpg,2021-03-19 15:41:51
1,Test,I will test this,629ea4206cb9ac825768001824b8a16f.jpg,2021-03-19 15:41:51
1,Test,I will test this,629ea4206cb9ac825768001824b8a16f.jpg,2021-03-19 15:41:51
1,Test,I will test this,629ea4206cb9ac825768001824b8a16f.jpg,2021-03-19 15:41:51
1,Test,I will test this,629ea4206cb9ac825768001824b8a16f.jpg,2021-03-19 15:41:51
1,Test,I will test this,629ea4206cb9ac825768001824b8a16f.jpg,2021-03-19 15:41:51
1,Test,I will test this,629ea4206cb9ac825768001824b8a16f.jpg,2021-03-19 15:41:51
1,Test,I will test this,629ea4206cb9ac825768001824b8a16f.jpg,2021-03-19 15:41:51
1,Test,I will test this,629ea4206cb9ac825768001824b8a16f.jpg,2021-03-19 15:41:51
1,Test,I will test this,629ea4206cb9ac825768001824b8a16f.jpg,2021-03-19 15:41:51
1,Test,I will test this,629ea4206cb9ac825768001824b8a16f.jpg,2021-03-19 15:41:51
1,Test,I will test this,629ea4206cb9ac825768001824b8a16f.jpg,2021-03-19 15:41:51
1,Test,I will test this,629ea4206cb9ac825768001824b8a16f.jpg,2021-03-19 15:41:51
1,Test,I will test this,629ea4206cb9ac825768001824b8a16f.jpg,2021-03-19 15:41:51
1,Test,I will test this,629ea4206cb9ac825768001824b8a16f.jpg,2021-03-19 15:41:51
1,Test,I will test this,629ea4206cb9ac825768001824b8a16f.jpg,2021-03-19 15:41:51
1,Test,I will test this,629ea4206cb9ac825768001824b8a16f.jpg,2021-03-19 15:41:51
1,Test,I will test this,629ea4206cb9ac825768001824b8a16f.jpg,2021-03-19 15:41:51
1,Test,I will test this,629ea4206cb9ac825768001824b8a16f.jpg,2021-03-19 15:41:51
1,Test,I will test this,629ea4206cb9ac825768001824b8a16f.jpg,2021-03-19 15:41:51
1,Test,I will test this,629ea4206cb9ac825768001824b8a16f.jpg,2021-03-19 15:41:51
1,Test,I will test this,629ea4206cb9ac825768001824b8a16f.jpg,2021-03-19 15:41:51
1,Test,I will test this,629ea4206cb9ac825768001824b8a16f.jpg,2021-03-19 15:41:51
1,Test,I will test this,629ea4206cb9ac825768001824b8a16f.jpg,2021-03-19 15:41:51
1,Test,I will test this,629ea4206cb9ac825768001824b8a16f.jpg,2021-03-19 15:41:51
1,Test,I will test this,629ea4206cb9ac825768001824b8a16f.jpg,2021-03-19 15:41:51
1,Test,I will test this,629ea4206cb9ac825768001824b8a16f.jpg,2021-03-19 15:41:51
1,Test,I will test this,629ea4206cb9ac825768001824b8a16f.jpg,2021-03-19 15:41:51
1,Test,I will test this,629ea4206cb9ac825768001824b8a16f.jpg,2021-03-19 15:41:51
1,Test,I will test this,629ea4206cb9ac825768001824b8a16f.jpg,2021-03-19 15:41:51
1,Test,I will test this,629ea4206cb9ac825768001824b8a16f.jpg,2021-03-19 15:41:51
1,Test,I will test this,629ea4206cb9ac825768001824b8a16f.jpg,2021-03-19 15:41:51
1,Test,I will test this,629ea4206cb9ac825768001824b8a16f.jpg,2021-03-19 15:41:51
1,Test,I will test this,629ea4206cb9ac825768001824b8a16f.jpg,2021-03-19 15:41:51
1,Test,I will test this,629ea4206cb9ac825768001824b8a16f.jpg,2021-03-19 15:41:51
1,Test,I will test this,629ea4206cb9ac825768001824b8a16f.jpg,2021-03-19 15:41:51
1,Test,I will test this,629ea4206cb9ac825768001824b8a16f.jpg,2021-03-19 15:41:51
1,Test,I will test this,629ea4206cb9ac825768001824b8a16f.jpg,2021-03-19 15:41:51
1,Test,I will test this,629ea4206cb9ac825768001824b8a16f.jpg,2021-03-19 15:41:51
1,Test,I will test this,629ea4206cb9ac825768001824b8a16f.jpg,2021-03-19 15:41:51
1,Test,I will test this,629ea4206cb9ac825768001824b8a16f.jpg,2021-03-19 15:41:51
1,Test,I will test this,629ea4206cb9ac825768001824b8a16f.jpg,2021-03-19 15:41:51
1,Test,I will test this,629ea4206cb9ac825768001824b8a16f.jpg,2021-03-19 15:41:51
1,Test,I will test this,629ea4206cb9ac825768001824b8a16f.jpg,2021-03-19 15:41:51
1,Test,I will test this,629ea4206cb9ac825768001824b8a16f.jpg,2021-03-19 15:41:51
1,Test,I will test this,629ea4206cb9ac825768001824b8a16f.jpg,2021-03-19 15:41:51
1,Test,I will test this,629ea4206cb9ac825768001824b8a16f.jpg,2021-03-19 15:41:51
1,Test,I will test this,629ea4206cb9ac825768001824b8a16f.jpg,2021-03-19 15:41:51
1,Test,I will test this,629ea4206cb9ac825768001824b8a16f.jpg,2021-03-19 15:41:51
1,Test,I will test this,629ea4206cb9ac825768001824b8a16f.jpg,2021-03-19 15:41:51
1,Test,I will test this,629ea4206cb9ac825768001824b8a16f.jpg,2021-03-19 15:41:51
1,Test,I will test this,629ea4206cb9ac825768001824b8a16f.jpg,2021-03-19 15:41:51
1,Test,I will test this,629ea4206cb9ac825768001824b8a16f.jpg,2021-03-19 15:41:51
1,Test,I will test this,629ea4206cb9ac825768001824b8a16f.jpg,2021-03-19 15:41:51
1,Test,I will test this,629ea4206cb9ac825768001824b8a16f.jpg,2021-03-19 15:41:51
1,Test,I will test this,629ea4206cb9ac825768001824b8a16f.jpg,2021-03-19 15:41:51
1,Test,I will test this,629ea4206cb9ac825768001824b8a16f.jpg,2021-03-19 15:41:51
1,Test,I will test this,629ea4206cb9ac825768001824b8a16f.jpg,2021-03-19 15:41:51
1,Test,I will test this,629ea4206cb9ac825768001824b8a16f.jpg,2021-03-19 15:41:51
1,Test,I will test this,629ea4206cb9ac825768001824b8a16f.jpg,2021-03-19 15:41:51
1,Test,I will test this,629ea4206cb9ac825768001824b8a16f.jpg,2021-03-19 15:41:51
1,Test,I will test this,629ea4206cb9ac825768001824b8a16f.jpg,2021-03-19 15:41:51
1,Test,I will test this,629ea4206cb9ac825768001824b8a16f.jpg,2021-03-19 15:41:51
1,Test,I will test this,629ea4206cb9ac825768001824b8a16f.jpg,2021-03-19 15:41:51
1,Test,I will test this,629ea4206cb9ac825768001824b8a16f.jpg,2021-03-19 15:41:51
1,Test,I will test this,629ea4206cb9ac825768001824b8a16f.jpg,2021-03-19 15:41:51
1,Test,I will test this,629ea4206cb9ac825768001824b8a16f.jpg,2021-03-19 15:41:51
1,Test,I will test this,629ea4206cb9ac825768001824b8a16f.jpg,2021-03-19 15:41:51
1,Test,I will test this,629ea4206cb9ac825768001824b8a16f.jpg,2021-03-19 15:41:51
1,Test,I will test this,629ea4206cb9ac825768001824b8a16f.jpg,2021-03-19 15:41:51
1,Test,I will test this,629ea4206cb9ac825768001824b8a16f.jpg,2021-03-19 15:41:51
1,Test,I will test this,629ea4206cb9ac825768001824b8a16f.jpg,2021-03-19 15:41:51
1,Test,I will test this,629ea4206cb9ac825768001824b8a16f.jpg,2021-03-19 15:41:51
1,Test,I will test this,629ea4206cb9ac825768001824b8a16f.jpg,2021-03-19 15:41:51
1,Test,I will test this,629ea4206cb9ac825768001824b8a16f.jpg,2021-03-19 15:41:51
1,Test,I will test this,629ea4206cb9ac825768001824b8a16f.jpg,2021-03-19 15:41:51
1,Test,I will test this,629ea4206cb9ac825768001824b8a16f.jpg,2021-03-19 15:41:51
1,Test,I will test this,629ea4206cb9ac825768001824b8a16f.jpg,2021-03-19 15:41:51
1,Test,I will test this,629ea4206cb9ac825768001824b8a16f.jpg,2021-03-19 15:41:51
1,Test,I will test this,629ea4206cb9ac825768001824b8a16f.jpg,2021-03-19 15:41:51
1,Test,I will test this,629ea4206cb9ac825768001824b8a16f.jpg,2021-03-19 15:41:51
1,Test,I will test this,629ea4206cb9ac825768001824b8a16f.jpg,2021-03-19 15:41:51
1,Test,I will test this,629ea4206cb9ac825768001824b8a16f.jpg,2021-03-19 15:41:51
1,Test,I will test this,629ea4206cb9ac825768001824b8a16f.jpg,2021-03-19 15:41:51
1,Test,I will test this,629ea4206cb9ac825768001824b8a16f.jpg,2021-03-19 15:41:51
1,Test,I will test this,629ea4206cb9ac825768001824b8a16f.jpg,2021-03-19 15:41:51
1,Test,I will test this,629ea4206cb9ac825768001824b8a16f.jpg,2021-03-19 15:41:51
1,Test,I will test this,629ea4206cb9ac825768001824b8a16f.jpg,2021-03-19 15:41:51
1,Test,I will test this,629ea4206cb9ac825768001824b8a16f.jpg,2021-03-19 15:41:51
1,Test,I will test this,629ea4206cb9ac825768001824b8a16f.jpg,2021-03-19 15:41:51
1,Test,I will test this,629ea4206cb9ac825768001824b8a16f.jpg,2021-03-19 15:41:51
1,Test,I will test this,629ea4206cb9ac825768001824b8a16f.jpg,2021-03-19 15:41:51
1,Test,I will test this,629ea4206cb9ac825768001824b8a16f.jpg,2021-03-19 15:41:51
1,Test,I will test this,629ea4206cb9ac825768001824b8a16f.jpg,2021-03-19 15:41:51
1,Test,I will test this,629ea4206cb9ac825768001824b8a16f.jpg,2021-03-19 15:41:51
1,Test,I will test this,629ea4206cb9ac825768001824b8a16f.jpg,2021-03-19 15:41:51
1,Test,I will test this,629ea4206cb9ac825768001824b8a16f.jpg,2021-03-19 15:41:51
1,Test,I will test this,629ea4206cb9ac825768001824b8a16f.jpg,2021-03-19 15:41:51
1,Test,I will test this,629ea4206cb9ac825768001824b8a16f.jpg,2021-03-19 15:41:51
1,Test,I will test this,629ea4206cb9ac825768001824b8a16f.jpg,2021-03-19 15:41:51
1,Test,I will test this,629ea4206cb9ac825768001824b8a16f.jpg,2021-03-19 15:41:51
1,Test,I will test this,629ea4206cb9ac825768001824b8a16f.jpg,2021-03-19 15:41:51
1,Test,I will test this,629ea4206cb9ac825768001824b8a16f.jpg,2021-03-19 15:41:51
1,Test,I will test this,629ea4206cb9ac825768001824b8a16f.jpg,2021-03-19 15:41:51
1,Test,I will test this,629ea4206cb9ac825768001824b8a16f.jpg,2021-03-19 15:41:51
1,Test,I will test this,629ea4206cb9ac825768001824b8a16f.jpg,2021-03-19 15:41:51
1,Test,I will test this,629ea4206cb9ac825768001824b8a16f.jpg,2021-03-19 15:41:51
1,Test,I will test this,629ea4206cb9ac825768001824b8a16f.jpg,2021-03-19 15:41:51
1,Test,I will test this,629ea4206cb9ac825768001824b8a16f.jpg,2021-03-19 15:41:51
1,Test,I will test this,629ea4206cb9ac825768001824b8a16f.jpg,2021-03-19 15:41:51
1,Test,I will test this,629ea4206cb9ac825768001824b8a16f.jpg,2021-03-19 15:41:51
1,Test,I will test this,629ea4206cb9ac825768001824b8a16f.jpg,2021-03-19 15:41:51
1,Test,I will test this,629ea4206cb9ac825768001824b8a16f.jpg,2021-03-19 15:41:51
1,Test,I will test this,629ea4206cb9ac825768001824b8a16f.jpg,2021-03-19 15:41:51
1,Test,I will test this,629ea4206cb9ac825768001824b8a16f.jpg,2021-03-19 15:41:51
1,Test,I will test this,629ea4206cb9ac825768001824b8a16f.jpg,2021-03-19 15:41:51
1,Test,I will test this,629ea4206cb9ac825768001824b8a16f.jpg,2021-03-19 15:41:51
1,Test,I will test this,629ea4206cb9ac825768001824b8a16f.jpg,2021-03-19 15:41:51
1,Test,I will test this,629ea4206cb9ac825768001824b8a16f.jpg,2021-03-19 15:41:51
1,Test,I will test this,629ea4206cb9ac825768001824b8a16f.jpg,2021-03-19 15:41:51
1,Test,I will test this,629ea4206cb9ac825768001824b8a16f.jpg,2021-03-19 15:41:51
1,Test,I will test this,629ea4206cb9ac825768001824b8a16f.jpg,2021-03-19 15:41:51
1,Test,I will test this,629ea4206cb9ac825768001824b8a16f.jpg,2021-03-19 15:41:51
1,Test,I will test this,629ea4206cb9ac825768001824b8a16f.jpg,2021-03-19 15:41:51
1,Test,I will test this,629ea4206cb9ac825768001824b8a16f.jpg,2021-03-19 15:41:51
1,Test,I will test this,629ea4206cb9ac825768001824b8a16f.jpg,2021-03-19 15:41:51
1,Test,I will test this,629ea4206cb9ac825768001824b8a16f.jpg,2021-03-19 15:41:51
1,Test,I will test this,629ea4206cb9ac825768001824b8a16f.jpg,2021-03-19 15:41:51
1,Test,I will test this,629ea4206cb9ac825768001824b8a16f.jpg,2021-03-19 15:41:51
1,Test,I will test this,629ea4206cb9ac825768001824b8a16f.jpg,2021-03-19 15:41:51
1,Test,I will test this,629ea4206cb9ac825768001824b8a16f.jpg,2021-03-19 15:41:51
1,Test,I will test this,629ea4206cb9ac825768001824b8a16f.jpg,2021-03-19 15:41:51
1,Test,I will test this,629ea4206cb9ac825768001824b8a16f.jpg,2021-03-19 15:41:51
1,Test,I will test this,629ea4206cb9ac825768001824b8a16f.jpg,2021-03-19 15:41:51
1,Test,I will test this,629ea4206cb9ac825768001824b8a16f.jpg,2021-03-19 15:41:51
1,Test,I will test this,629ea4206cb9ac825768001824b8a16f.jpg,2021-03-19 15:41:51
1,Test,I will test this,629ea4206cb9ac825768001824b8a16f.jpg,2021-03-19 15:41:51
1,Test,I will test this,629ea4206cb9ac825768001824b8a16f.jpg,2021-03-19 15:41:51
1,Test,I will test this,629ea4206cb9ac825768001824b8a16f.jpg,2021-03-19 15:41:51
1,Test,I will test this,629ea4206cb9ac825768001824b8a16f.jpg,2021-03-19 15:41:51
1,Test,I will test this,629ea4206cb9ac825768001824b8a16f.jpg,2021-03-19 15:41:51
1,Test,I will test this,629ea4206cb9ac825768001824b8a16f.jpg,2021-03-19 15:41:51
1,Test,I will test this,629ea4206cb9ac825768001824b8a16f.jpg,2021-03-19 15:41:51
1,Test,I will test this,629ea4206cb9ac825768001824b8a16f.jpg,2021-03-19 15:41:51
1,Test,I will test this,629ea4206cb9ac825768001824b8a16f.jpg,2021-03-19 15:41:51
1,Test,I will test this,629ea4206cb9ac825768001824b8a16f.jpg,2021-03-19 15:41:51
1,Test,I will test this,629ea4206cb9ac825768001824b8a16f.jpg,2021-03-19 15:41:51
1,Test,I will test this,629ea4206cb9ac825768001824b8a16f.jpg,2021-03-19 15:41:51
1,Test,I will test this,629ea4206cb9ac825768001824b8a16f.jpg,2021-03-19 15:41:51
1,Test,I will test this,629ea4206cb9ac825768001824b8a16f.jpg,2021-03-19 15:41:51
1,Test,I will test this,629ea4206cb9ac825768001824b8a16f.jpg,2021-03-19 15:41:51
1,Test,I will test this,629ea4206cb9ac825768001824b8a16f.jpg,2021-03-19 15:41:51
1,Test,I will test this,629ea4206cb9ac825768001824b8a16f.jpg,2021-03-19 15:41:51
1,Test,I will test this,629ea4206cb9ac825768001824b8a16f.jpg,2021-03-19 15:41:51
1,Test,I will test this,629ea4206cb9ac825768001824b8a16f.jpg,2021-03-19 15:41:51
1,Test,I will test this,629ea4206cb9ac825768001824b8a16f.jpg,2021-03-19 15:41:51
1,Test,I will test this,629ea4206cb9ac825768001824b8a16f.jpg,2021-03-19 15:41:51
1,Test,I will test this,629ea4206cb9ac825768001824b8a16f.jpg,2021-03-19 15:41:51
1,Test,I will test this,629ea4206cb9ac825768001824b8a16f.jpg,2021-03-19 15:41:51
1,Test,I will test this,629ea4206cb9ac825768001824b8a16f.jpg,2021-03-19 15:41:51
1,Test,I will test this,629ea4206cb9ac825768001824b8a16f.jpg,2021-03-19 15:41:51
1,Test,I will test this,629ea4206cb9ac825768001824b8a16f.jpg,2021-03-19 15:41:51
1,Test,I will test this,629ea4206cb9ac825768001824b8a16f.jpg,2021-03-19 15:41:51
1,Test,I will test this,629ea4206cb9ac825768001824b8a16f.jpg,2021-03-19 15:41:51
1,Test,I will test this,629ea4206cb9ac825768001824b8a16f.jpg,2021-03-19 15:41:51
1,Test,I will test this,629ea4206cb9ac825768001824b8a16f.jpg,2021-03-19 15:41:51
1,Test,I will test this,629ea4206cb9ac825768001824b8a16f.jpg,2021-03-19 15:41:51
1,Test,I will test this,629ea4206cb9ac825768001824b8a16f.jpg,2021-03-19 15:41:51
1,Test,I will test this,629ea4206cb9ac825768001824b8a16f.jpg,2021-03-19 15:41:51
1,Test,I will test this,629ea4206cb9ac825768001824b8a16f.jpg,2021-03-19 15:41:51
1,Test,I will test this,629ea4206cb9ac825768001824b8a16f.jpg,2021-03-19 15:41:51
1,Test,I will test this,629ea4206cb9ac825768001824b8a16f.jpg,2021-03-19 15:41:51
1,Test,I will test this,629ea4206cb9ac825768001824b8a16f.jpg,2021-03-19 15:41:51
1,Test,I will test this,629ea4206cb9ac825768001824b8a16f.jpg,2021-03-19 15:41:51
1,Test,I will test this,629ea4206cb9ac825768001824b8a16f.jpg,2021-03-19 15:41:51
1,Test,I will test this,629ea4206cb9ac825768001824b8a16f.jpg,2021-03-19 15:41:51
1,Test,I will test this,629ea4206cb9ac825768001824b8a16f.jpg,2021-03-19 15:41:51
1,Test,I will test this,629ea4206cb9ac825768001824b8a16f.jpg,2021-03-19 15:41:51
1,Test,I will test this,629ea4206cb9ac825768001824b8a16f.jpg,2021-03-19 15:41:51
1,Test,I will test this,629ea4206cb9ac825768001824b8a16f.jpg,2021-03-19 15:41:51
1,Test,I will test this,629ea4206cb9ac825768001824b8a16f.jpg,2021-03-19 15:41:51
1,Test,I will test this,629ea4206cb9ac825768001824b8a16f.jpg,2021-03-19 15:41:51
1,Test,I will test this,629ea4206cb9ac825768001824b8a16f.jpg,2021-03-19 15:41:51
1,Test,I will test this,629ea4206cb9ac825768001824b8a16f.jpg,2021-03-19 15:41:51
1,Test,I will test this,629ea4206cb9ac825768001824b8a16f.jpg,2021-03-19 15:41:51
1,Test,I will test this,629ea4206cb9ac825768001824b8a16f.jpg,2021-03-19 15:41:51
1,Test,I will test this,629ea4206cb9ac825768001824b8a16f.jpg,2021-03-19 15:41:51
1,Test,I will test this,629ea4206cb9ac825768001824b8a16f.jpg,2021-03-19 15:41:51
1,Test,I will test this,629ea4206cb9ac825768001824b8a16f.jpg,2021-03-19 15:41:51
1,Test,I will test this,629ea4206cb9ac825768001824b8a16f.jpg,2021-03-19 15:41:51
1,Test,I will test this,629ea4206cb9ac825768001824b8a16f.jpg,2021-03-19 15:41:51
1,Test,I will test this,629ea4206cb9ac825768001824b8a16f.jpg,2021-03-19 15:41:51
1,Test,I will test this,629ea4206cb9ac825768001824b8a16f.jpg,2021-03-19 15:41:51
1,Test,I will test this,629ea4206cb9ac825768001824b8a16f.jpg,2021-03-19 15:41:51
1,Test,I will test this,629ea4206cb9ac825768001824b8a16f.jpg,2021-03-19 15:41:51
1,Test,I will test this,629ea4206cb9ac825768001824b8a16f.jpg,2021-03-19 15:41:51
1,Test,I will test this,629ea4206cb9ac825768001824b8a16f.jpg,2021-03-19 15:41:51
1,Test,I will test this,629ea4206cb9ac825768001824b8a16f.jpg,2021-03-19 15:41:51
1,Test,I will test this,629ea4206cb9ac825768001824b8a16f.jpg,2021-03-19 15:41:51
1,Test,I will test this,629ea4206cb9ac825768001824b8a16f.jpg,2021-03-19 15:41:51
1,Test,I will test this,629ea4206cb9ac825768001824b8a16f.jpg,2021-03-19 15:41:51
1,Test,I will test this,629ea4206cb9ac825768001824b8a16f.jpg,2021-03-19 15:41:51
1,Test,I will test this,629ea4206cb9ac825768001824b8a16f.jpg,2021-03-19 15:41:51
1,Test,I will test this,629ea4206cb9ac825768001824b8a16f.jpg,2021-03-19 15:41:51
1,Test,I will test this,629ea4206cb9ac825768001824b8a16f.jpg,2021-03-19 15:41:51
1,Test,I will test this,629ea4206cb9ac825768001824b8a16f.jpg,2021-03-19 15:41:51
1,Test,I will test this,629ea4206cb9ac825768001824b8a16f.jpg,2021-03-19 15:41:51
1,Test,I will test this,629ea4206cb9ac825768001824b8a16f.jpg,2021-03-19 15:41:51
1,Test,I will test this,629ea4206cb9ac825768001824b8a16f.jpg,2021-03-19 15:41:51
1,Test,I will test this,629ea4206cb9ac825768001824b8a16f.jpg,2021-03-19 15:41:51
1,Test,I will test this,629ea4206cb9ac825768001824b8a16f.jpg,2021-03-19 15:41:51
1,Test,I will test this,629ea4206cb9ac825768001824b8a16f.jpg,2021-03-19 15:41:51
1,Test,I will test this,629ea4206cb9ac825768001824b8a16f.jpg,2021-03-19 15:41:51
1,Test,I will test this,629ea4206cb9ac825768001824b8a16f.jpg,2021-03-19 15:41:51
1,Test,I will test this,629ea4206cb9ac825768001824b8a16f.jpg,2021-03-19 15:41:51
1,Test,I will test this,629ea4206cb9ac825768001824b8a16f.jpg,2021-03-19 15:41:51
1,Test,I will test this,629ea4206cb9ac825768001824b8a16f.jpg,2021-03-19 15:41:51
1,Test,I will test this,629ea4206cb9ac825768001824b8a16f.jpg,2021-03-19 15:41:51
1,Test,I will test this,629ea4206cb9ac825768001824b8a16f.jpg,2021-03-19 15:41:51
1,Test,I will test this,629ea4206cb9ac825768001824b8a16f.jpg,2021-03-19 15:41:51
1,Test,I will test this,629ea4206cb9ac825768001824b8a16f.jpg,2021-03-19 15:41:51
1,Test,I will test this,629ea4206cb9ac825768001824b8a16f.jpg,2021-03-19 15:41:51
1,Test,I will test this,629ea4206cb9ac825768001824b8a16f.jpg,2021-03-19 15:41:51
1,Test,I will test this,629ea4206cb9ac825768001824b8a16f.jpg,2021-03-19 15:41:51
1,Test,I will test this,629ea4206cb9ac825768001824b8a16f.jpg,2021-03-19 15:41:51
1,Test,I will test this,629ea4206cb9ac825768001824b8a16f.jpg,2021-03-19 15:41:51
1,Test,I will test this,629ea4206cb9ac825768001824b8a16f.jpg,2021-03-19 15:41:51
1,Test,I will test this,629ea4206cb9ac825768001824b8a16f.jpg,2021-03-19 15:41:51
1,Test,I will test this,629ea4206cb9ac825768001824b8a16f.jpg,2021-03-19 15:41:51
1,Test,I will test this,629ea4206cb9ac825768001824b8a16f.jpg,2021-03-19 15:41:51
1,Test,I will test this,629ea4206cb9ac825768001824b8a16f.jpg,2021-03-19 15:41:51
1,Test,I will test this,629ea4206cb9ac825768001824b8a16f.jpg,2021-03-19 15:41:51
1,Test,I will test this,629ea4206cb9ac825768001824b8a16f.jpg,2021-03-19 15:41:51
1,Test,I will test this,629ea4206cb9ac825768001824b8a16f.jpg,2021-03-19 15:41:51
1,Test,I will test this,629ea4206cb9ac825768001824b8a16f.jpg,2021-03-19 15:41:51
1,Test,I will test this,629ea4206cb9ac825768001824b8a16f.jpg,2021-03-19 15:41:51
1,Test,I will test this,629ea4206cb9ac825768001824b8a16f.jpg,2021-03-19 15:41:51
1,Test,I will test this,629ea4206cb9ac825768001824b8a16f.jpg,2021-03-19 15:41:51
1,Test,I will test this,629ea4206cb9ac825768001824b8a16f.jpg,2021-03-19 15:41:51
1,Test,I will test this,629ea4206cb9ac825768001824b8a16f.jpg,2021-03-19 15:41:51
1,Test,I will test this,629ea4206cb9ac825768001824b8a16f.jpg,2021-03-19 15:41:51
1,Test,I will test this,629ea4206cb9ac825768001824b8a16f.jpg,2021-03-19 15:41:51
1,Test,I will test this,629ea4206cb9ac825768001824b8a16f.jpg,2021-03-19 15:41:51
1,Test,I will test this,629ea4206cb9ac825768001824b8a16f.jpg,2021-03-19 15:41:51
1,Test,I will test this,629ea4206cb9ac825768001824b8a16f.jpg,2021-03-19 15:41:51
1,Test,I will test this,629ea4206cb9ac825768001824b8a16f.jpg,2021-03-19 15:41:51
1,Test,I will test this,629ea4206cb9ac825768001824b8a16f.jpg,2021-03-19 15:41:51
1,Test,I will test this,629ea4206cb9ac825768001824b8a16f.jpg,2021-03-19 15:41:51
1,Test,I will test this,629ea4206cb9ac825768001824b8a16f.jpg,2021-03-19 15:41:51
1,Test,I will test this,629ea4206cb9ac825768001824b8a16f.jpg,2021-03-19 15:41:51
1,Test,I will test this,629ea4206cb9ac825768001824b8a16f.jpg,2021-03-19 15:41:51
1,Test,I will test this,629ea4206cb9ac825768001824b8a16f.jpg,2021-03-19 15:41:51
1,Test,I will test this,629ea4206cb9ac825768001824b8a16f.jpg,2021-03-19 15:41:51
1,Test,I will test this,629ea4206cb9ac825768001824b8a16f.jpg,2021-03-19 15:41:51
1,Test,I will test this,629ea4206cb9ac825768001824b8a16f.jpg,2021-03-19 15:41:51
1,Test,I will test this,629ea4206cb9ac825768001824b8a16f.jpg,2021-03-19 15:41:51
1,Test,I will test this,629ea4206cb9ac825768001824b8a16f.jpg,2021-03-19 15:41:51
1,Test,I will test this,629ea4206cb9ac825768001824b8a16f.jpg,2021-03-19 15:41:51
1,Test,I will test this,629ea4206cb9ac825768001824b8a16f.jpg,2021-03-19 15:41:51
1,Test,I will test this,629ea4206cb9ac825768001824b8a16f.jpg,2021-03-19 15:41:51
1,Test,I will test this,629ea4206cb9ac825768001824b8a16f.jpg,2021-03-19 15:41:51
1,Test,I will test this,629ea4206cb9ac825768001824b8a16f.jpg,2021-03-19 15:41:51
1,Test,I will test this,629ea4206cb9ac825768001824b8a16f.jpg,2021-03-19 15:41:51
1,Test,I will test this,629ea4206cb9ac825768001824b8a16f.jpg,2021-03-19 15:41:51
1,Test,I will test this,629ea4206cb9ac825768001824b8a16f.jpg,2021-03-19 15:41:51
1,Test,I will test this,629ea4206cb9ac825768001824b8a16f.jpg,2021-03-19 15:41:51
1,Test,I will test this,629ea4206cb9ac825768001824b8a16f.jpg,2021-03-19 15:41:51
1,Test,I will test this,629ea4206cb9ac825768001824b8a16f.jpg,2021-03-19 15:41:51
1,Test,I will test this,629ea4206cb9ac825768001824b8a16f.jpg,2021-03-19 15:41:51
1,Test,I will test this,629ea4206cb9ac825768001824b8a16f.jpg,2021-03-19 15:41:51
1,Test,I will test this,629ea4206cb9ac825768001824b8a16f.jpg,2021-03-19 15:41:51
1,Test,I will test this,629ea4206cb9ac825768001824b8a16f.jpg,2021-03-19 15:41:51
1,Test,I will test this,629ea4206cb9ac825768001824b8a16f.jpg,2021-03-19 15:41:51
1,Test,I will test this,629ea4206cb9ac825768001824b8a16f.jpg,2021-03-19 15:41:51
1,Test,I will test this,629ea4206cb9ac825768001824b8a16f.jpg,2021-03-19 15:41:51
1,Test,I will test this,629ea4206cb9ac825768001824b8a16f.jpg,2021-03-19 15:41:51
1,Test,I will test this,629ea4206cb9ac825768001824b8a16f.jpg,2021-03-19 15:41:51
1,Test,I will test this,629ea4206cb9ac825768001824b8a16f.jpg,2021-03-19 15:41:51
1,Test,I will test this,629ea4206cb9ac825768001824b8a16f.jpg,2021-03-19 15:41:51
1,Test,I will test this,629ea4206cb9ac825768001824b8a16f.jpg,2021-03-19 15:41:51
1,Test,I will test this,629ea4206cb9ac825768001824b8a16f.jpg,2021-03-19 15:41:51
1,Test,I will test this,629ea4206cb9ac825768001824b8a16f.jpg,2021-03-19 15:41:51
1,Test,I will test this,629ea4206cb9ac825768001824b8a16f.jpg,2021-03-19 15:41:51
1,Test,I will test this,629ea4206cb9ac825768001824b8a16f.jpg,2021-03-19 15:41:51
1,Test,I will test this,629ea4206cb9ac825768001824b8a16f.jpg,2021-03-19 15:41:51
1,Test,I will test this,629ea4206cb9ac825768001824b8a16f.jpg,2021-03-19 15:41:51
1,Test,I will test this,629ea4206cb9ac825768001824b8a16f.jpg,2021-03-19 15:41:51
1,Test,I will test this,629ea4206cb9ac825768001824b8a16f.jpg,2021-03-19 15:41:51
1,Test,I will test this,629ea4206cb9ac825768001824b8a16f.jpg,2021-03-19 15:41:51
1,Test,I will test this,629ea4206cb9ac825768001824b8a16f.jpg,2021-03-19 15:41:51
1,Test,I will test this,629ea4206cb9ac825768001824b8a16f.jpg,2021-03-19 15:41:51
1,Test,I will test this,629ea4206cb9ac825768001824b8a16f.jpg,2021-03-19 15:41:51
1,Test,I will test this,629ea4206cb9ac825768001824b8a16f.jpg,2021-03-19 15:41:51
1,Test,I will test this,629ea4206cb9ac825768001824b8a16f.jpg,2021-03-19 15:41:51
1,Test,I will test this,629ea4206cb9ac825768001824b8a16f.jpg,2021-03-19 15:41:51
1,Test,I will test this,629ea4206cb9ac825768001824b8a16f.jpg,2021-03-19 15:41:51
1,Test,I will test this,629ea4206cb9ac825768001824b8a16f.jpg,2021-03-19 15:41:51
1,Test,I will test this,629ea4206cb9ac825768001824b8a16f.jpg,2021-03-19 15:41:51
1,Test,I will test this,629ea4206cb9ac825768001824b8a16f.jpg,2021-03-19 15:41:51
1,Test,I will test this,629ea4206cb9ac825768001824b8a16f.jpg,2021-03-19 15:41:51
1,Test,I will test this,629ea4206cb9ac825768001824b8a16f.jpg,2021-03-19 15:41:51
1,Test,I will test this,629ea4206cb9ac825768001824b8a16f.jpg,2021-03-19 15:41:51
1,Test,I will test this,629ea4206cb9ac825768001824b8a16f.jpg,2021-03-19 15:41:51
1,Test,I will test this,629ea4206cb9ac825768001824b8a16f.jpg,2021-03-19 15:41:51
1,Test,I will test this,629ea4206cb9ac825768001824b8a16f.jpg,2021-03-19 15:41:51
1,Test,I will test this,629ea4206cb9ac825768001824b8a16f.jpg,2021-03-19 15:41:51
1,Test,I will test this,629ea4206cb9ac825768001824b8a16f.jpg,2021-03-19 15:41:51
1,Test,I will test this,629ea4206cb9ac825768001824b8a16f.jpg,2021-03-19 15:41:51
1,Test,I will test this,629ea4206cb9ac825768001824b8a16f.jpg,2021-03-19 15:41:51
1,Test,I will test this,629ea4206cb9ac825768001824b8a16f.jpg,2021-03-19 15:41:51
1,Test,I will test this,629ea4206cb9ac825768001824b8a16f.jpg,2021-03-19 15:41:51
1,Test,I will test this,629ea4206cb9ac825768001824b8a16f.jpg,2021-03-19 15:41:51
1,Test,I will test this,629ea4206cb9ac825768001824b8a16f.jpg,2021-03-19 15:41:51
1,Test,I will test this,629ea4206cb9ac825768001824b8a16f.jpg,2021-03-19 15:41:51
1,Test,I will test this,629ea4206cb9ac825768001824b8a16f.jpg,2021-03-19 15:41:51
1,Test,I will test this,629ea4206cb9ac825768001824b8a16f.jpg,2021-03-19 15:41:51
1,Test,I will test this,629ea4206cb9ac825768001824b8a16f.jpg,2021-03-19 15:41:51
1,Test,I will test this,629ea4206cb9ac825768001824b8a16f.jpg,2021-03-19 15:41:51
1,Test,I will test this,629ea4206cb9ac825768001824b8a16f.jpg,2021-03-19 15:41:51
1,Test,I will test this,629ea4206cb9ac825768001824b8a16f.jpg,2021-03-19 15:41:51
1,Test,I will test this,629ea4206cb9ac825768001824b8a16f.jpg,2021-03-19 15:41:51
1,Test,I will test this,629ea4206cb9ac825768001824b8a16f.jpg,2021-03-19 15:41:51
1,Test,I will test this,629ea4206cb9ac825768001824b8a16f.jpg,2021-03-19 15:41:51
1,Test,I will test this,629ea4206cb9ac825768001824b8a16f.jpg,2021-03-19 15:41:51
1,Test,I will test this,629ea4206cb9ac825768001824b8a16f.jpg,2021-03-19 15:41:51
1,Test,I will test this,629ea4206cb9ac825768001824b8a16f.jpg,2021-03-19 15:41:51
1,Test,I will test this,629ea4206cb9ac825768001824b8a16f.jpg,2021-03-19 15:41:51
1,Test,I will test this,629ea4206cb9ac825768001824b8a16f.jpg,2021-03-19 15:41:51
1,Test,I will test this,629ea4206cb9ac825768001824b8a16f.jpg,2021-03-19 15:41:51
1,Test,I will test this,629ea4206cb9ac825768001824b8a16f.jpg,2021-03-19 15:41:51
1,Test,I will test this,629ea4206cb9ac825768001824b8a16f.jpg,2021-03-19 15:41:51
1,Test,I will test this,629ea4206cb9ac825768001824b8a16f.jpg,2021-03-19 15:41:51
1,Test,I will test this,629ea4206cb9ac825768001824b8a16f.jpg,2021-03-19 15:41:51
1,Test,I will test this,629ea4206cb9ac825768001824b8a16f.jpg,2021-03-19 15:41:51
1,Test,I will test this,629ea4206cb9ac825768001824b8a16f.jpg,2021-03-19 15:41:51
1,Test,I will test this,629ea4206cb9ac825768001824b8a16f.jpg,2021-03-19 15:41:51
1,Test,I will test this,629ea4206cb9ac825768001824b8a16f.jpg,2021-03-19 15:41:51
1,Test,I will test this,629ea4206cb9ac825768001824b8a16f.jpg,2021-03-19 15:41:51
1,Test,I will test this,629ea4206cb9ac825768001824b8a16f.jpg,2021-03-19 15:41:51
1,Test,I will test this,629ea4206cb9ac825768001824b8a16f.jpg,2021-03-19 15:41:51
1,Test,I will test this,629ea4206cb9ac825768001824b8a16f.jpg,2021-03-19 15:41:51
1,Test,I will test this,629ea4206cb9ac825768001824b8a16f.jpg,2021-03-19 15:41:51
1,Test,I will test this,629ea4206cb9ac825768001824b8a16f.jpg,2021-03-19 15:41:51
1,Test,I will test this,629ea4206cb9ac825768001824b8a16f.jpg,2021-03-19 15:41:51
1,Test,I will test this,629ea4206cb9ac825768001824b8a16f.jpg,2021-03-19 15:41:51
1,Test,I will test this,629ea4206cb9ac825768001824b8a16f.jpg,2021-03-19 15:41:51
1,Test,I will test this,629ea4206cb9ac825768001824b8a16f.jpg,2021-03-19 15:41:51
1,Test,I will test this,629ea4206cb9ac825768001824b8a16f.jpg,2021-03-19 15:41:51
1,Test,I will test this,629ea4206cb9ac825768001824b8a16f.jpg,2021-03-19 15:41:51
1,Test,I will test this,629ea4206cb9ac825768001824b8a16f.jpg,2021-03-19 15:41:51
1,Test,I will test this,629ea4206cb9ac825768001824b8a16f.jpg,2021-03-19 15:41:51
1,Test,I will test this,629ea4206cb9ac825768001824b8a16f.jpg,2021-03-19 15:41:51
1,Test,I will test this,629ea4206cb9ac825768001824b8a16f.jpg,2021-03-19 15:41:51
1,Test,I will test this,629ea4206cb9ac825768001824b8a16f.jpg,2021-03-19 15:41:51
1,Test,I will test this,629ea4206cb9ac825768001824b8a16f.jpg,2021-03-19 15:41:51
1,Test,I will test this,629ea4206cb9ac825768001824b8a16f.jpg,2021-03-19 15:41:51
1,Test,I will test this,629ea4206cb9ac825768001824b8a16f.jpg,2021-03-19 15:41:51
1,Test,I will test this,629ea4206cb9ac825768001824b8a16f.jpg,2021-03-19 15:41:51
1,Test,I will test this,629ea4206cb9ac825768001824b8a16f.jpg,2021-03-19 15:41:51
1,Test,I will test this,629ea4206cb9ac825768001824b8a16f.jpg,2021-03-19 15:41:51
1,Test,I will test this,629ea4206cb9ac825768001824b8a16f.jpg,2021-03-19 15:41:51
1,Test,I will test this,629ea4206cb9ac825768001824b8a16f.jpg,2021-03-19 15:41:51
1,Test,I will test this,629ea4206cb9ac825768001824b8a16f.jpg,2021-03-19 15:41:51
1,Test,I will test this,629ea4206cb9ac825768001824b8a16f.jpg,2021-03-19 15:41:51
1,Test,I will test this,629ea4206cb9ac825768001824b8a16f.jpg,2021-03-19 15:41:51
1,Test,I will test this,629ea4206cb9ac825768001824b8a16f.jpg,2021-03-19 15:41:51
1,Test,I will test this,629ea4206cb9ac825768001824b8a16f.jpg,2021-03-19 15:41:51
1,Test,I will test this,629ea4206cb9ac825768001824b8a16f.jpg,2021-03-19 15:41:51
1,Test,I will test this,629ea4206cb9ac825768001824b8a16f.jpg,2021-03-19 15:41:51
1,Test,I will test this,629ea4206cb9ac825768001824b8a16f.jpg,2021-03-19 15:41:51
1,Test,I will test this,629ea4206cb9ac825768001824b8a16f.jpg,2021-03-19 15:41:51
1,Test,I will test this,629ea4206cb9ac825768001824b8a16f.jpg,2021-03-19 15:41:51
1,Test,I will test this,629ea4206cb9ac825768001824b8a16f.jpg,2021-03-19 15:41:51
1,Test,I will test this,629ea4206cb9ac825768001824b8a16f.jpg,2021-03-19 15:41:51
1,Test,I will test this,629ea4206cb9ac825768001824b8a16f.jpg,2021-03-19 15:41:51
1,Test,I will test this,629ea4206cb9ac825768001824b8a16f.jpg,2021-03-19 15:41:51
1,Test,I will test this,629ea4206cb9ac825768001824b8a16f.jpg,2021-03-19 15:41:51
1,Test,I will test this,629ea4206cb9ac825768001824b8a16f.jpg,2021-03-19 15:41:51
1,Test,I will test this,629ea4206cb9ac825768001824b8a16f.jpg,2021-03-19 15:41:51
1,Test,I will test this,629ea4206cb9ac825768001824b8a16f.jpg,2021-03-19 15:41:51
1,Test,I will test this,629ea4206cb9ac825768001824b8a16f.jpg,2021-03-19 15:41:51
1,Test,I will test this,629ea4206cb9ac825768001824b8a16f.jpg,2021-03-19 15:41:51
1,Test,I will test this,629ea4206cb9ac825768001824b8a16f.jpg,2021-03-19 15:41:51
1,Test,I will test this,629ea4206cb9ac825768001824b8a16f.jpg,2021-03-19 15:41:51
1,Test,I will test this,629ea4206cb9ac825768001824b8a16f.jpg,2021-03-19 15:41:51
1,Test,I will test this,629ea4206cb9ac825768001824b8a16f.jpg,2021-03-19 15:41:51
1,Test,I will test this,629ea4206cb9ac825768001824b8a16f.jpg,2021-03-19 15:41:51
1,Test,I will test this,629ea4206cb9ac825768001824b8a16f.jpg,2021-03-19 15:41:51
1,Test,I will test this,629ea4206cb9ac825768001824b8a16f.jpg,2021-03-19 15:41:51
1,Test,I will test this,629ea4206cb9ac825768001824b8a16f.jpg,2021-03-19 15:41:51
1,Test,I will test this,629ea4206cb9ac825768001824b8a16f.jpg,2021-03-19 15:41:51
1,Test,I will test this,629ea4206cb9ac825768001824b8a16f.jpg,2021-03-19 15:41:51
1,Test,I will test this,629ea4206cb9ac825768001824b8a16f.jpg,2021-03-19 15:41:51
1,Test,I will test this,629ea4206cb9ac825768001824b8a16f.jpg,2021-03-19 15:41:51
1,Test,I will test this,629ea4206cb9ac825768001824b8a16f.jpg,2021-03-19 15:41:51
1,Test,I will test this,629ea4206cb9ac825768001824b8a16f.jpg,2021-03-19 15:41:51
1,Test,I will test this,629ea4206cb9ac825768001824b8a16f.jpg,2021-03-19 15:41:51
1,Test,I will test this,629ea4206cb9ac825768001824b8a16f.jpg,2021-03-19 15:41:51
1,Test,I will test this,629ea4206cb9ac825768001824b8a16f.jpg,2021-03-19 15:41:51
1,Test,I will test this,629ea4206cb9ac825768001824b8a16f.jpg,2021-03-19 15:41:51
1,Test,I will test this,629ea4206cb9ac825768001824b8a16f.jpg,2021-03-19 15:41:51
1,Test,I will test this,629ea4206cb9ac825768001824b8a16f.jpg,2021-03-19 15:41:51
1,Test,I will test this,629ea4206cb9ac825768001824b8a16f.jpg,2021-03-19 15:41:51
1,Test,I will test this,629ea4206cb9ac825768001824b8a16f.jpg,2021-03-19 15:41:51
1,Test,I will test this,629ea4206cb9ac825768001824b8a16f.jpg,2021-03-19 15:41:51
1,Test,I will test this,629ea4206cb9ac825768001824b8a16f.jpg,2021-03-19 15:41:51
1,Test,I will test this,629ea4206cb9ac825768001824b8a16f.jpg,2021-03-19 15:41:51
1,Test,I will test this,629ea4206cb9ac825768001824b8a16f.jpg,2021-03-19 15:41:51
1,Test,I will test this,629ea4206cb9ac825768001824b8a16f.jpg,2021-03-19 15:41:51
1,Test,I will test this,629ea4206cb9ac825768001824b8a16f.jpg,2021-03-19 15:41:51
1,Test,I will test this,629ea4206cb9ac825768001824b8a16f.jpg,2021-03-19 15:41:51
1,Test,I will test this,629ea4206cb9ac825768001824b8a16f.jpg,2021-03-19 15:41:51
1,Test,I will test this,629ea4206cb9ac825768001824b8a16f.jpg,2021-03-19 15:41:51
1,Test,I will test this,629ea4206cb9ac825768001824b8a16f.jpg,2021-03-19 15:41:51
1,Test,I will test this,629ea4206cb9ac825768001824b8a16f.jpg,2021-03-19 15:41:51
1,Test,I will test this,629ea4206cb9ac825768001824b8a16f.jpg,2021-03-19 15:41:51
1,Test,I will test this,629ea4206cb9ac825768001824b8a16f.jpg,2021-03-19 15:41:51
1,Test,I will test this,629ea4206cb9ac825768001824b8a16f.jpg,2021-03-19 15:41:51
1,Test,I will test this,629ea4206cb9ac825768001824b8a16f.jpg,2021-03-19 15:41:51
1,Test,I will test this,629ea4206cb9ac825768001824b8a16f.jpg,2021-03-19 15:41:51
1,Test,I will test this,629ea4206cb9ac825768001824b8a16f.jpg,2021-03-19 15:41:51
1,Test,I will test this,629ea4206cb9ac825768001824b8a16f.jpg,2021-03-19 15:41:51
1,Test,I will test this,629ea4206cb9ac825768001824b8a16f.jpg,2021-03-19 15:41:51
1,Test,I will test this,629ea4206cb9ac825768001824b8a16f.jpg,2021-03-19 15:41:51
1,Test,I will test this,629ea4206cb9ac825768001824b8a16f.jpg,2021-03-19 15:41:51
1,Test,I will test this,629ea4206cb9ac825768001824b8a16f.jpg,2021-03-19 15:41:51
1,Test,I will test this,629ea4206cb9ac825768001824b8a16f.jpg,2021-03-19 15:41:51
1,Test,I will test this,629ea4206cb9ac825768001824b8a16f.jpg,2021-03-19 15:41:51
1,Test,I will test this,629ea4206cb9ac825768001824b8a16f.jpg,2021-03-19 15:41:51
1,Test,I will test this,629ea4206cb9ac825768001824b8a16f.jpg,2021-03-19 15:41:51
1,Test,I will test this,629ea4206cb9ac825768001824b8a16f.jpg,2021-03-19 15:41:51
1,Test,I will test this,629ea4206cb9ac825768001824b8a16f.jpg,2021-03-19 15:41:51
1,Test,I will test this,629ea4206cb9ac825768001824b8a16f.jpg,2021-03-19 15:41:51
1,Test,I will test this,629ea4206cb9ac825768001824b8a16f.jpg,2021-03-19 15:41:51
1,Test,I will test this,629ea4206cb9ac825768001824b8a16f.jpg,2021-03-19 15:41:51
1,Test,I will test this,629ea4206cb9ac825768001824b8a16f.jpg,2021-03-19 15:41:51
1,Test,I will test this,629ea4206cb9ac825768001824b8a16f.jpg,2021-03-19 15:41:51
1,Test,I will test this,629ea4206cb9ac825768001824b8a16f.jpg,2021-03-19 15:41:51
1,Test,I will test this,629ea4206cb9ac825768001824b8a16f.jpg,2021-03-19 15:41:51
1,Test,I will test this,629ea4206cb9ac825768001824b8a16f.jpg,2021-03-19 15:41:51
1,Test,I will test this,629ea4206cb9ac825768001824b8a16f.jpg,2021-03-19 15:41:51
1,Test,I will test this,629ea4206cb9ac825768001824b8a16f.jpg,2021-03-19 15:41:51
1,Test,I will test this,629ea4206cb9ac825768001824b8a16f.jpg,2021-03-19 15:41:51
1,Test,I will test this,629ea4206cb9ac825768001824b8a16f.jpg,2021-03-19 15:41:51
1,Test,I will test this,629ea4206cb9ac825768001824b8a16f.jpg,2021-03-19 15:41:51
1,Test,I will test this,629ea4206cb9ac825768001824b8a16f.jpg,2021-03-19 15:41:51
1,Test,I will test this,629ea4206cb9ac825768001824b8a16f.jpg,2021-03-19 15:41:51
1,Test,I will test this,629ea4206cb9ac825768001824b8a16f.jpg,2021-03-19 15:41:51
1,Test,I will test this,629ea4206cb9ac825768001824b8a16f.jpg,2021-03-19 15:41:51
1,Test,I will test this,629ea4206cb9ac825768001824b8a16f.jpg,2021-03-19 15:41:51
1,Test,I will test this,629ea4206cb9ac825768001824b8a16f.jpg,2021-03-19 15:41:51
1,Test,I will test this,629ea4206cb9ac825768001824b8a16f.jpg,2021-03-19 15:41:51
1,Test,I will test this,629ea4206cb9ac825768001824b8a16f.jpg,2021-03-19 15:41:51
1,Test,I will test this,629ea4206cb9ac825768001824b8a16f.jpg,2021-03-19 15:41:51
1,Test,I will test this,629ea4206cb9ac825768001824b8a16f.jpg,2021-03-19 15:41:51
1,Test,I will test this,629ea4206cb9ac825768001824b8a16f.jpg,2021-03-19 15:41:51
1,Test,I will test this,629ea4206cb9ac825768001824b8a16f.jpg,2021-03-19 15:41:51
1,Test,I will test this,629ea4206cb9ac825768001824b8a16f.jpg,2021-03-19 15:41:51
1,Test,I will test this,629ea4206cb9ac825768001824b8a16f.jpg,2021-03-19 15:41:51
1,Test,I will test this,629ea4206cb9ac825768001824b8a16f.jpg,2021-03-19 15:41:51
1,Test,I will test this,629ea4206cb9ac825768001824b8a16f.jpg,2021-03-19 15:41:51
1,Test,I will test this,629ea4206cb9ac825768001824b8a16f.jpg,2021-03-19 15:41:51
1,Test,I will test this,629ea4206cb9ac825768001824b8a16f.jpg,2021-03-19 15:41:51
1,Test,I will test this,629ea4206cb9ac825768001824b8a16f.jpg,2021-03-19 15:41:51
1,Test,I will test this,629ea4206cb9ac825768001824b8a16f.jpg,2021-03-19 15:41:51
1,Test,I will test this,629ea4206cb9ac825768001824b8a16f.jpg,2021-03-19 15:41:51
1,Test,I will test this,629ea4206cb9ac825768001824b8a16f.jpg,2021-03-19 15:41:51
1,Test,I will test this,629ea4206cb9ac825768001824b8a16f.jpg,2021-03-19 15:41:51
1,Test,I will test this,629ea4206cb9ac825768001824b8a16f.jpg,2021-03-19 15:41:51
1,Test,I will test this,629ea4206cb9ac825768001824b8a16f.jpg,2021-03-19 15:41:51
1,Test,I will test this,629ea4206cb9ac825768001824b8a16f.jpg,2021-03-19 15:41:51
1,Test,I will test this,629ea4206cb9ac825768001824b8a16f.jpg,2021-03-19 15:41:51
1,Test,I will test this,629ea4206cb9ac825768001824b8a16f.jpg,2021-03-19 15:41:51
1,Test,I will test this,629ea4206cb9ac825768001824b8a16f.jpg,2021-03-19 15:41:51
1,Test,I will test this,629ea4206cb9ac825768001824b8a16f.jpg,2021-03-19 15:41:51
1,Test,I will test this,629ea4206cb9ac825768001824b8a16f.jpg,2021-03-19 15:41:51
1,Test,I will test this,629ea4206cb9ac825768001824b8a16f.jpg,2021-03-19 15:41:51
1,Test,I will test this,629ea4206cb9ac825768001824b8a16f.jpg,2021-03-19 15:41:51
1,Test,I will test this,629ea4206cb9ac825768001824b8a16f.jpg,2021-03-19 15:41:51
1,Test,I will test this,629ea4206cb9ac825768001824b8a16f.jpg,2021-03-19 15:41:51
1,Test,I will test this,629ea4206cb9ac825768001824b8a16f.jpg,2021-03-19 15:41:51
1,Test,I will test this,629ea4206cb9ac825768001824b8a16f.jpg,2021-03-19 15:41:51
1,Test,I will test this,629ea4206cb9ac825768001824b8a16f.jpg,2021-03-19 15:41:51
1,Test,I will test this,629ea4206cb9ac825768001824b8a16f.jpg,2021-03-19 15:41:51
1,Test,I will test this,629ea4206cb9ac825768001824b8a16f.jpg,2021-03-19 15:41:51
1,Test,I will test this,629ea4206cb9ac825768001824b8a16f.jpg,2021-03-19 15:41:51
1,Test,I will test this,629ea4206cb9ac825768001824b8a16f.jpg,2021-03-19 15:41:51
1,Test,I will test this,629ea4206cb9ac825768001824b8a16f.jpg,2021-03-19 15:41:51
1,Test,I will test this,629ea4206cb9ac825768001824b8a16f.jpg,2021-03-19 15:41:51
1,Test,I will test this,629ea4206cb9ac825768001824b8a16f.jpg,2021-03-19 15:41:51
1,Test,I will test this,629ea4206cb9ac825768001824b8a16f.jpg,2021-03-19 15:41:51
1,Test,I will test this,629ea4206cb9ac825768001824b8a16f.jpg,2021-03-19 15:41:51
1,Test,I will test this,629ea4206cb9ac825768001824b8a16f.jpg,2021-03-19 15:41:51
1,Test,I will test this,629ea4206cb9ac825768001824b8a16f.jpg,2021-03-19 15:41:51
1,Test,I will test this,629ea4206cb9ac825768001824b8a16f.jpg,2021-03-19 15:41:51
1,Test,I will test this,629ea4206cb9ac825768001824b8a16f.jpg,2021-03-19 15:41:51
1,Test,I will test this,629ea4206cb9ac825768001824b8a16f.jpg,2021-03-19 15:41:51
1,Test,I will test this,629ea4206cb9ac825768001824b8a16f.jpg,2021-03-19 15:41:51
1,Test,I will test this,629ea4206cb9ac825768001824b8a16f.jpg,2021-03-19 15:41:51
1,Test,I will test this,629ea4206cb9ac825768001824b8a16f.jpg,2021-03-19 15:41:51
1,Test,I will test this,629ea4206cb9ac825768001824b8a16f.jpg,2021-03-19 15:41:51
1,Test,I will test this,629ea4206cb9ac825768001824b8a16f.jpg,2021-03-19 15:41:51
1,Test,I will test this,629ea4206cb9ac825768001824b8a16f.jpg,2021-03-19 15:41:51
1,Test,I will test this,629ea4206cb9ac825768001824b8a16f.jpg,2021-03-19 15:41:51
1,Test,I will test this,629ea4206cb9ac825768001824b8a16f.jpg,2021-03-19 15:41:51
1,Test,I will test this,629ea4206cb9ac825768001824b8a16f.jpg,2021-03-19 15:41:51
1,Test,I will test this,629ea4206cb9ac825768001824b8a16f.jpg,2021-03-19 15:41:51
1,Test,I will test this,629ea4206cb9ac825768001824b8a16f.jpg,2021-03-19 15:41:51
1,Test,I will test this,629ea4206cb9ac825768001824b8a16f.jpg,2021-03-19 15:41:51
1,Test,I will test this,629ea4206cb9ac825768001824b8a16f.jpg,2021-03-19 15:41:51
1,Test,I will test this,629ea4206cb9ac825768001824b8a16f.jpg,2021-03-19 15:41:51
1,Test,I will test this,629ea4206cb9ac825768001824b8a16f.jpg,2021-03-19 15:41:51
1,Test,I will test this,629ea4206cb9ac825768001824b8a16f.jpg,2021-03-19 15:41:51
1,Test,I will test this,629ea4206cb9ac825768001824b8a16f.jpg,2021-03-19 15:41:51
1,Test,I will test this,629ea4206cb9ac825768001824b8a16f.jpg,2021-03-19 15:41:51
1,Test,I will test this,629ea4206cb9ac825768001824b8a16f.jpg,2021-03-19 15:41:51
1,Test,I will test this,629ea4206cb9ac825768001824b8a16f.jpg,2021-03-19 15:41:51
1,Test,I will test this,629ea4206cb9ac825768001824b8a16f.jpg,2021-03-19 15:41:51
1,Test,I will test this,629ea4206cb9ac825768001824b8a16f.jpg,2021-03-19 15:41:51
1,Test,I will test this,629ea4206cb9ac825768001824b8a16f.jpg,2021-03-19 15:41:51
1,Test,I will test this,629ea4206cb9ac825768001824b8a16f.jpg,2021-03-19 15:41:51
1,Test,I will test this,629ea4206cb9ac825768001824b8a16f.jpg,2021-03-19 15:41:51
1,Test,I will test this,629ea4206cb9ac825768001824b8a16f.jpg,2021-03-19 15:41:51
1,Test,I will test this,629ea4206cb9ac825768001824b8a16f.jpg,2021-03-19 15:41:51
1,Test,I will test this,629ea4206cb9ac825768001824b8a16f.jpg,2021-03-19 15:41:51
1,Test,I will test this,629ea4206cb9ac825768001824b8a16f.jpg,2021-03-19 15:41:51
1,Test,I will test this,629ea4206cb9ac825768001824b8a16f.jpg,2021-03-19 15:41:51
1,Test,I will test this,629ea4206cb9ac825768001824b8a16f.jpg,2021-03-19 15:41:51
1,Test,I will test this,629ea4206cb9ac825768001824b8a16f.jpg,2021-03-19 15:41:51
1,Test,I will test this,629ea4206cb9ac825768001824b8a16f.jpg,2021-03-19 15:41:51
1,Test,I will test this,629ea4206cb9ac825768001824b8a16f.jpg,2021-03-19 15:41:51
1,Test,I will test this,629ea4206cb9ac825768001824b8a16f.jpg,2021-03-19 15:41:51
1,Test,I will test this,629ea4206cb9ac825768001824b8a16f.jpg,2021-03-19 15:41:51
1,Test,I will test this,629ea4206cb9ac825768001824b8a16f.jpg,2021-03-19 15:41:51
1,Test,I will test this,629ea4206cb9ac825768001824b8a16f.jpg,2021-03-19 15:41:51
1,Test,I will test this,629ea4206cb9ac825768001824b8a16f.jpg,2021-03-19 15:41:51
1,Test,I will test this,629ea4206cb9ac825768001824b8a16f.jpg,2021-03-19 15:41:51
1,Test,I will test this,629ea4206cb9ac825768001824b8a16f.jpg,2021-03-19 15:41:51
